id,canonical_wording,question_type,topic,domain,pe_strategy,pe_relevance,seniority,difficulty,review_state,normalised_hash
cq_a019037769ce4b94,"I’m looking at financial data for a public company comparable, and it’s April (Q2) right now. Walk me through how you would “calendarize” this company’s financial statements to show the Trailing Twelve Months as opposed to just the last Fiscal Year.",technical,accounting,ib,,,,easy,accepted,87b8ccc3fd5a8b8fca08996eb08ed2b7643d56794916d1a07386456210be57b0
cq_c4c3acddbefa4fea,How does $10 of depreciation flow through the three statements at a 25% tax rate?,technical,accounting,ib,,,,medium,accepted,f38e8b0c8d53d0b3449384b3864f5a62e5d1f648429b0e98ce7fe04b6f7584ee
cq_d3cb5b15d30a4d36,What's the difference between Enterprise Value and Equity Value?,technical,enterprise_value,ib,,,,easy,accepted,3c757c08898584cf8a048e149d88fc79b05115c09d8ca6e1c5d43cfe821f8b1f
cq_9552b878ebcb4e69,Walk me through a DCF.,technical,valuation,ib,,,,medium,accepted,700bd66ad549c682b1ba40f5474297054633507b0602f344eb59d7c73de2c54d
cq_b1b65546c5624d38,When would you use levered free cash flow instead of unlevered free cash flow in a DCF?,technical,valuation,ib,,,,medium,accepted,551c1937760d81a50e142a454423f458204ced406abc7a42cf7adb6ec699862a
cq_6bbe0c634b1144ca,What makes a deal accretive or dilutive to EPS?,technical,merger_models,ib,,,,medium,accepted,6b5d7174731b52fc9f308219f8501dbb1aa0ca059cc664a6dc9cd5717aed663f
cq_367c383e66594921,Walk me through a basic LBO model.,technical,lbo,both,,core_pe_investing,,medium,accepted,97229ba5183eee58de58513335ba9b64e8b0adf087d36083a9d9cfb9c09715a6
cq_9f7f7b3a2b6d4761,What are the main value creation levers in an LBO?,technical,lbo,pe,,portfolio_operations,,hard,accepted,27511bc4bfe343696ab5b0a5d4ef26048b6ce1ad4c89216de668a3758970fa54
cq_ed16aac9bc6e4e7e,How would you underwrite an investment thesis for a PE target?,technical,investment_thesis,pe,,,,medium,accepted,aae99c06bf8b10c1046b6fa3d6bd154c0d262a4fff883ebb40d01fc1bd8261cf
cq_859475d0c1c94661,What is quality of earnings (QoE) and why does it matter in PE diligence?,technical,due_diligence,pe,,,,medium,accepted,846052eb212557bb3495f0a8b01c19f1d07581829ca9845ff7337254595838db
cq_8b0de4405b2d479d,Rank capital structure claims from most to least senior in a typical leveraged capital structure.,technical,capital_structure,ib,,,,medium,accepted,f0cab4eaa858cd682cec4cfafa636e35696a4a05b9cb41b09d552af75e70296b
cq_4a6b1f732dd041d9,What is the difference between a fulcrum security and other claims in restructuring?,technical,restructuring,ib,,,,hard,accepted,e75555a80c64723e742219db721aee36ee999cabbbf94559ea54241407467072
cq_82cfeca372c34d0a,What are the main valuation methodologies used in IB?,technical,valuation,ib,,,,easy,accepted,339c19fab3924c7eedd6f9da920b9feedcdaf81194904640661f032ae13332eb
cq_b9f20ed1f54a4d5e,What is the difference between MOIC and IRR?,technical,returns,pe,,,,medium,accepted,8d969fc3e6ba9b777e1a507ce8f216948fa40d40e1ba2a6045f4e6da71ab8dc9
cq_2babe946e22a41eb,Why do you want to be an investment banking analyst rather than work in consulting or corporate finance?,technical,behavioral,ib,,,,easy,accepted,6b8b21b56b00b268210abcd8e581c47b86d94ef1774ca26c40df1bace7a3c069
cq_4183f81f841048f3,How do PE firms create value beyond leverage?,technical,value_creation,pe,,,,hard,accepted,5e352eb73fcbb7077a0be19ea7a30b9cc7dc3529b807d3d353b11e143b5635f8
cq_3a4a719580654e34,How does an increase in accounts receivable affect cash flow?,technical,working_capital,both,,,,medium,accepted,19208a444e7eed5630a07ad7cdb45860768635d83186bbcd013fb3ac367cd91d
cq_42ecb89c5dec425f,How do you treat non-controlling interest and equity investments when bridging equity value to enterprise value?,technical,enterprise_value,ib,,,,hard,accepted,e1bc9edaa1dcfcb902949894faa77df125e7faae32714b91becc87a610c3f9cc
cq_686c86e502f44405,What do you think an investment banking analyst does day to day?,behavioral,behavioral,ib,,,,easy,accepted,8ef0880eb11c3996fd50d5db11219c8db18d75e20e5388bad6b4fe5fda1cc545
cq_0ec57d8b6efb44a6,Why are you interested in M&A advisory specifically?,behavioral,behavioral,ib,,,,medium,accepted,545883f9c0ca866db12bf311d38eedef5573d64d48c69ac914d572ef3b18a65f
cq_2f707f55f72049bf,Why capital markets (ECM or DCM) rather than M&A?,behavioral,behavioral,ib,,,,medium,accepted,b420983edcd01fbe17c1f440be3b1e9b513cd13c4f0ccfe34ef30181f2c61b67
cq_2a977376d3564495,What would you do if you did not get a job in investment banking?,behavioral,behavioral,ib,,,,medium,accepted,0a75b5d62d6be41de45f5fade871f71c96c32a3e080f361e189bfeb1e5c129ab
cq_625d19027bea4b17,Why do you want to move from investment banking to private equity?,behavioral,behavioral,pe,,not_pe,,easy,accepted,d19d4de85a7250d25053f3997b3699a33636360a4c4885e19e00f81e5cda31fe
cq_a4b4f33784a54723,What makes a good private equity investor?,behavioral,behavioral,pe,,not_pe,,medium,accepted,17cfe7cf8f378f87810e025a2c5bc3b4ea5e0837abe27007c50ff9a788ad58ec
cq_6ecb4b17a3d34985,"Growth equity or buyouts: which interests you more, and why?",behavioral,behavioral,pe,,,,medium,accepted,988f7d70883de4b8d2490bf914404a3ad0e6e5eb4e1b1e6d6761e23b68bb557b
cq_681375beb53a4570,Where do you see yourself in five years in private equity?,behavioral,behavioral,pe,,not_pe,,medium,accepted,e94365fdd22f8193a6e7fe41a067c546b35c8b646e92113fa3f37463120dc329
cq_f774ef2b54734745,You spent this last summer working at Morgan Stanley’s investment banking division. It seems like you’d be crazy not to go back – why would you want to work for a smaller firm in our M&A group?,behavioral,behavioral,both,,,,easy,accepted,61c8738b4a4a152e08f91000893dcb571123bb1d64461c6f411fa88476f7d89a
cq_f06afb62a733492c,Why a bulge-bracket bank rather than an elite boutique?,behavioral,behavioral,both,,,,medium,accepted,74cb92722d5c48708f571297499d6ccf939000f22dd8b3a58f3ca737b7b599ea
cq_2b06f287705a4298,What other firms are you interviewing with?,behavioral,behavioral,both,,,,medium,accepted,02c33e9d0422e54fba7fd14ed213fd237d6bfa3f4314311d88d8b549cb259bb3
cq_b6260d91476b4244,What do you know about our recent transactions?,behavioral,behavioral,both,,,,hard,accepted,11493a98de209a9da78d87b13dd8e64a1d7c924a5c6bd59c9ab9cd924fce5ff7
cq_818c9674c12f4d24,Walk me through your resume.,behavioral,behavioral,both,,,,easy,accepted,6095e89a3f9bef5aea2e68d3355304e1192f0904e733d46f9007fb8a86bc8200
cq_1616781f6e5e4b9a,Tell me about yourself.,behavioral,behavioral,both,,,,easy,accepted,046169357d81e2fb885a26b7612c7af4abd2e32610827f305d51c5db37de2f7d
cq_15a2076f6d124384,"Which experience on your resume are you most proud of, and why?",behavioral,behavioral,both,,,,medium,accepted,88cbb72913fa6d4c346042d9f592a423264c219d339f35bc00afa1c8731beb48
cq_4305e62051ad454b,What did you learn from your last internship?,behavioral,behavioral,both,,,,easy,accepted,b5924e9606bbb4e3f78300ee5533a5582d3367e72bed72e318e2a89bea490987
cq_1a0883c44fc14b1c,Why did you major in [Your Major]?,behavioral,behavioral,both,,,,easy,accepted,9c85f61ef03764a2c8b2bc8da4edb8a1f8cba478f015cb996c94facd9eb6045f
cq_f24b832f63c84c3c,Tell me about a time you had to motivate a team that was struggling.,behavioral,behavioral,both,,,,easy,accepted,c8b4d536f573fedb2f5441a993f4c681389c312b367d53002a4a787000f66597
cq_b212dcf2c1d342af,Describe a time you had a conflict with a teammate and how you resolved it.,behavioral,behavioral,both,,,,medium,accepted,2fa2e8a75cb73722c351eb7be34d261658e6585dc57619f45cb1490f7814d50b
cq_602dd94e4db54da8,Tell me about a time a team member was not pulling their weight.,behavioral,behavioral,both,,,,medium,accepted,e2b5e66c1be6a914a0f6790a9259ae80beec2391e630756fc6c858cea1bc1f09
cq_63cad07722fb4fe6,Tell me about a time you had to work closely with someone very different from you.,behavioral,behavioral,both,,,,medium,accepted,edab8cebf0025a8cee8904130e46ad2f9b56048186c67d097e14c4d24ace1aca
cq_ead4ccff979b44be,How do you handle critical feedback from a senior colleague?,behavioral,behavioral,both,,,,easy,accepted,efc74208dafcb7d65933f34e57f78c558c5f9ce23a2d837d6318ec77fecb5f76
cq_6d5a4959581d4d16,Describe a time you helped a colleague succeed.,behavioral,behavioral,both,,,,easy,accepted,570ffea59d3590f72b221e5c7a2b8a7cc8bf5ee6a055c925bf843aaf9d754103
cq_67a1062657404984,Tell me about a time when you failed to honor a commitment.,behavioral,behavioral,both,,,,medium,accepted,bc81f0821b8cf15c102a74e0f7072d7abeddf1a95834dc3103ffde5a72d92b68
cq_c11309b120bc4636,Tell me about a mistake you made in your work and how you handled it.,behavioral,behavioral,both,,,,medium,accepted,b978db37b5ab01443fdf874240f239367ae568ccaf6df5196ae42441613d7fe5
cq_94986f0ca6e34bc7,Describe a time you missed a deadline.,behavioral,behavioral,both,,,,medium,accepted,b9ab6c8249bc9f7303817d721d37d1c734da0f255185ffbf036c2506355dd2e9
cq_e02aad09910f4dd0,Tell me about a time you received negative feedback.,behavioral,behavioral,both,,,,medium,accepted,1ca40a1c57555be6b3dcbef638fe917128536e914d2b35ff1f918c8b9d49cbf8
cq_0e734f4c5e7049cb,"What is a decision you regret, and what did you learn from it?",behavioral,behavioral,both,,,,hard,accepted,44c2c66f4a8fd3d5bd09eb42ed0a4c899790ff02cc75caf070d01303a7c22c0e
cq_503feed9c63345b1,Describe a time you had to persuade others to follow your idea.,behavioral,behavioral,both,,,,medium,accepted,a0c290a84f64908605c0f4887f1d3fd5e0eb75f2dee11353bbb8a2563954056d
cq_a2528ef42e1d475f,Tell me about a time you took initiative beyond your role.,behavioral,behavioral,both,,,,easy,accepted,d226a52119ffdb9f35d9cd41aa13b4e925c21fc220dcf592250e2df9979ec2df
cq_06a28c5f1ca240fe,Describe a situation where you had to make a decision with incomplete information.,behavioral,behavioral,both,,,,hard,accepted,3e2703cd1dd8462c9f926ab54f58e43eda147b314b52ecedba0d8c4a7bda19a7
cq_51adf237d9ae4010,Give an example of a goal you set and achieved.,behavioral,behavioral,both,,,,easy,accepted,642fbeb4eb10d94ed462b35d900a91aaac81cf9d01e5f3135e994a021c91c557
cq_1435d194667d4e93,Walk me through a deal you worked on.,behavioral,behavioral,both,,,,medium,accepted,51af3425956f8a856f9e4d9904478224790e09b6febfb2df405d04ad8ead32ee
cq_dcfc3926b94148a3,Tell me about a recent M&A deal you have followed.,behavioral,behavioral,both,,,,medium,accepted,dfcc4dc39d9091ab825da5b98f8f6269bf62aa5af0abbf9172c09b6a63d123f5
cq_e4ae114c53f8430d,Pitch me a company you would invest in.,behavioral,behavioral,both,,,,hard,accepted,451126080b3c54ba8cba41999ca69dfc0fe0a25906a6d38b77a1906d25ad21f8
cq_0e5d59521a8349d8,What was the most challenging analysis you performed in a previous role?,behavioral,behavioral,both,,,,medium,accepted,07f06c9eff89968e4f90d06ab62843ff99b196908b99b488f152073e9ffbb85d
cq_012034d758304d83,Tell me about an investment you would make today and why.,behavioral,behavioral,both,,,,hard,accepted,95fe883033113e9583494cf4a62d8b9829af660f6df2d1007e6eb21b3d23cfd0
cq_ab5d9fe054764fee,Tell me about a deal that did not close. What happened?,behavioral,behavioral,both,,,,hard,accepted,fe34b30dc494ffe3d22154b3f56c07e337b19ca27fd02b2010e867723a3beb81
cq_dcd5b8f029e440ac,Tell me about a time you faced an ethical dilemma at work.,behavioral,behavioral,both,,,,medium,accepted,04b1bd3e1d31e07ef9599c6b5e03f94b603ebad49511af2aa306c502e61f81b0
cq_be0ba568ffa64969,What would you do if you found an error in a model that had already been sent to a client?,behavioral,behavioral,both,,,,medium,accepted,4e67f22ba2e437f4ab0c5775f4559093de03034604ded95ee8b3753bb588507f
cq_bb8b585b44214be2,What would you do if a senior banker asked you to change numbers to make a deal look better?,behavioral,behavioral,both,,,,hard,accepted,121b712f3099de599dea27c42d01b803c3c67d0b03fc5c1bd42808d2cd0a8782
cq_208a449549f54306,How would you handle confidential information you received by mistake?,behavioral,behavioral,both,,,,medium,accepted,418b65f204c7d344e020711051a676aca757d32eed6d5fd5f6c8dfbc613e7221
cq_26e7abad9c364b97,Tell me about a time you had to deliver bad news.,behavioral,behavioral,both,,,,medium,accepted,5cb98c667960abdea8d958b0febd7c752120611e057f66442c45101942d5e9df
cq_694caee5124c4485,Tell me about a time you worked under intense pressure.,behavioral,behavioral,both,,,,easy,accepted,ea3abdaf4b2aed4669be337cb1058ac929758d3d5f9b1714463f10dd0d90b100
cq_25988c06e3cd4c62,How do you prioritise when several senior people give you urgent tasks at once?,behavioral,behavioral,both,,,,medium,accepted,08397174b4ff25a5b90ee7700cd3ea0127a8bbbebf0fe52594261b86dd7ce4b4
cq_28083046ccd44bb2,Describe a time you had to juggle multiple competing deadlines.,behavioral,behavioral,both,,,,medium,accepted,ddbcfd2630f0335fadd87245530387e536e851f3fa8064191329282e562a7959
cq_06f3c7401ab94667,How do you handle long hours and stay effective?,behavioral,behavioral,both,,,,easy,accepted,6ed067c73d243f98798783622a1710e2d71c9c10e2b4c6d58103f834464c9ed8
cq_302913ae9da447c9,Tell me about a time something went wrong at the last minute.,behavioral,behavioral,both,,,,medium,accepted,caa78cdc634e4fce4dfedf3e594e9ffeb00894f61927e8413e3a264af600b279
cq_77479167867b477c,How do you make sure your work is accurate when you are tired?,behavioral,behavioral,both,,,,easy,accepted,b363cfdaef7cbb18cfef98a6da4724e02dd66c0cf69c78dbbc830c6ece2adbf5
cq_0c74968dd913432c,What is your greatest weakness?,behavioral,behavioral,both,,,,medium,accepted,56425095617546f6fae40748519e8bd126ab1bb1f721051c454af9abce8fa28c
cq_bf1e2b2e730f4149,What are your greatest strengths?,behavioral,behavioral,both,,,,easy,accepted,5d9f421c8c405c32373be13b8ea2848499e3230ed53096bdc81750ee1e686977
cq_0e3a6d26f5fc4a85,How would your colleagues describe you?,behavioral,behavioral,both,,,,easy,accepted,630f0cbe8f2e3b053653b67ed6f9ebf84d5fc12bcdacba0f3d52b89aaa228f6b
cq_dcde42eb0bab4fda,What is something you would change about how you work?,behavioral,behavioral,both,,,,medium,accepted,aa462ccf31672f75b89f878fd0e894f4cd5a5ff10692948bd7aa8b2f9ef207b4
cq_0cafe0a15932431e,What motivates you?,behavioral,behavioral,both,,,,easy,accepted,b0db151886720699463e21ef07e2a337768e9be359f4001e48cbe9a6b590e8cb
cq_be936747e5b844fb,You’ve never worked in finance before. How much do you know about what bankers actually do?,technical,behavioral,ib,,,,,accepted,8109aa888b2fec93ca5527e36bb9698b1fb9f3b763a79791e4fd05181fe2086f
cq_d784625460cf4381,How much do you know about the lifestyle in this industry? Do you know how many hours you’re going to work each week?,technical,,ib,,,,,accepted,3158aa761bf5ea7567a45dfd1d9de58607c0827d61b96612670e05fb870adad7
cq_5304a536785f4e10,Let’s say I’m working on an IPO for a client. Can you describe briefly what I would do?,technical,,ib,,,,,accepted,94d9bebed9a56b45d67d29cab589ba37ef4cc709d84823dc21d9d2a804bf466f
cq_a8359e22318f45a5,"I see you were an English major in college, and had time to participate in a lot of different activities. Can you talk about a time when you had to work long hours and make sacrifices?",technical,behavioral,ib,,,,,accepted,6c34ddef4cdb256f75baf754dab743167f9c001d13a78bbe78a3f7719be4ddaa
cq_72edd896742a49f5,What’s in a pitch book?,technical,,ib,,,,,accepted,9807e7c3addf84cc74b989024967f5c65f343f12a353a541ae3715348c7d8520
cq_f6c381d7495a4733,Can you tell me about the different product and industry groups at our bank?,technical,behavioral,ib,,,,,accepted,e7c39eeaad76d79a37fe0cc743be1780e5f4c5859cb50cb46fa11eb81d99db2a
cq_88065b0d01a84ca1,How do companies select the bankers they work with?,technical,behavioral,ib,,,,,accepted,c0fe40664f01c5e2e70aed19dd4dae0d20b70fdb72152b8537e55e26c3d4e5d6
cq_453019610e4e4f74,Walk me through the process of a typical buy-side M&A deal.,technical,,ib,,,,,accepted,f228da28b45fbbd3fb79ab098b9db6eecacd5e8dd2046bed2540616d3ccc4560
cq_2c68d89fb9e64214,Walk me through a debt issuance deal.,technical,,ib,,,,,accepted,a8840b29ee7fb633eb7945aeccac40c7d7376f116683c024e21e064f2fee679c
cq_b938e6d5e6624709,How are Equity Capital Markets (ECM) and Debt Capital Markets (DCM) different from M&A or industry groups?,technical,,ib,,,,,accepted,b7066028bf09dd4bdc02668f2d052ee9714bedeef964ec67f4fd775aa9160694
cq_cc5e8640028e4ca4,What’s the difference between DCM and Leveraged Finance?,technical,,ib,,,,,accepted,f3179a1599464c68499832de43b58d47570b2448ac48e6089e9f1423207860be
cq_e55cba47169e425d,Explain what a divestiture is.,technical,,ib,,,,,accepted,fc7a488265604a75fa039779dc70d44e31080803f93d51d140773b460d7ba329
cq_a9901871ecd94d50,Imagine you want to draft a 1-slide company profile for an investor. What would you put there?,technical,,ib,,,,,accepted,43574362eaa273714d441a0f99c630db84e2f38ccb15956e1b13d135f6200ee1
cq_4a24d9aa99d343bb,Let’s say you’re hired as the financial advisor for a company. What value could you add for them if they ask you about their suggested growth / M&A strategy?,technical,,ib,,,,,accepted,bc5b61da60dd100d809aa7eef98c8edcb56a5477f7d105122b6e5e3ed6849a8e
cq_198060955ad141b2,Let’s say you had $10 million to invest in anything. What would you do with it?,technical,investment_thesis,both,,,,,accepted,658aa86b1b3d9bb927d67ff6452bb425d36c7a9a82db55e25ef56eac5a7d8528
cq_af4ef2cb2b9a48c1,"If you owned a small business and were approached by a larger company about an acquisition, how would you think about the offer, and how would you make a decision on what to do?",technical,,both,,,,,accepted,5b353edaa845e97a9aafb8ca4c1163e89f5c2d159ba7ff6b4de15e944ded0f92
cq_e790b5e2cbc44221,We do most of our work with technology companies. Can you talk about a trend or company in the industry that has piqued your interest lately?,technical,,both,,,,,accepted,1ba16d6103eae72d01d0526cc4897ea900095d74455df34c860ecc9bdd69bb5a
cq_01df24ab168c4533,"Let’s say you could start any type of business you wanted, and you had $1 million in initial funds. What would you do?",technical,investment_thesis,both,,,,,accepted,5bc5abba737feec39073e57c46cb72dc11c20b5f0ad04e382b08e421fa534508
cq_529b597818fc49b0,Can you talk about a company you admire and what makes them attractive to you?,technical,investment_thesis,both,,,,,accepted,bf08377720daf5e6d8569751416ebd24a885a086ee51a1c5dd2f7bcda5481d78
cq_4e2607d5916a4d7a,Let’s assume you are going to start a laundry machine business. How would you analyze whether it’s viable?,technical,investment_thesis,both,,,,,accepted,a68fc2d7b3766839c2b29d1db9e6c8b5decaa112745c19b8f0e7928760263226
cq_7e798d7c7be94085,Tell me about an M&A deal that interested you recently.,technical,,both,,,,,accepted,2f660a4c4c42c8f07d3b1200f126d200514d58a8630decdb0dd1ee58a9bb938d
cq_2fa421cbd9ae434d,Pitch me a stock.,technical,investment_thesis,both,,,,,accepted,c0539900dbf846b45440ca379ce37a6f43a3f56b97a6e65e3dfb7aa225b5bd17
cq_e923d2c2b2044dba,"Can you explain to me, in simple terms, the subprime crisis?",technical,,both,,,,,accepted,04a85ad307212ec3ad93dd1fc199a83bfa5380f07c3f5089260c8ef246376834
cq_1488a451bcc94718,Do you agree with the $700 billion bank bailout?,technical,,ib,,,,,accepted,a761e80a3248038a90d05a9954dd583d3f59a9e7d8723f1c9e1550ca783258fe
cq_c5a206272f864f6d,I see you have no relevant finance experience – why should we hire you over someone who’s had a previous banking internship?,technical,behavioral,ib,,,,,accepted,38bd57cafea0c0356f10e853870d2f990178ff91c419a8903ebcf1ae2c14e2aa
cq_d6630e525d6742e6,I see you’ve worked mostly in wealth management before – why are you looking to switch into banking now?,technical,behavioral,ib,,,,,accepted,1f5a01e7eea2530fb6fb70d92bf8a2999ad1e697215a1cb92f9ca0a59a185574
cq_b57b397297734219,"You’re a smart guy/girl with a lot of options, and right now the economy is not doing well and lots of banks have failed. Why are you still interested in banking when you could do anything else?",technical,,ib,,,,,accepted,ad147e7b88cf7a3a0624dc3f6425096b831fae11f9d51e0eec6b8f21d750e867
cq_34ce481ee0774976,"The economy has been improving lately, and more people are “getting interested” in finance. How do I know you’re serious and not just following everyone else?",technical,,ib,,,,,accepted,905952f8db5baa3327c95cc7b872cc250b5f8f4abd3dababfd5f00b89e298b2c
cq_a5c69c8756e34410,Where did your interest in finance begin?,technical,behavioral,ib,,,,,accepted,249b88f0b0f68c34a3b3b696f8fa1f3c61b880d0f978ff2a91401363f3cd8713
cq_c6dbbecb4c1e40da,"Why investment banking, and why now?",technical,behavioral,ib,,,,,accepted,b05d190af4f0377f42f3f52c6292c428117fa246e7dae2e7a77f4ef5da7634ba
cq_2f40c782028a4433,"You’ve advanced into a high-paying position at your current company – why would you want to move here, take a pay cut, and work twice the hours?",technical,behavioral,ib,,,,,accepted,1ca3ac35c5ab7f1e62bd9b5b690ad8036577936fce14221958e0b2f7d6ca3e9a
cq_3023b16255504ced,What’s your greatest fear about investment banking?,technical,behavioral,ib,,,,,accepted,ed1ba6abfd45e06a9e002e59ba0f802f5ed1695a4e43bf2dc113e2dead6a2cab
cq_578cd8a2841449c3,What’s your “Plan B” if you can’t get into investment banking this year?,technical,behavioral,ib,,,,,accepted,f020f6d9ca3aa9101ef89240e52911289a1395fe42d4cff12e6cc0f59f1f1817
cq_c0b45e0c8f5a41bc,"That guy over there has a 4.0 from Wharton/Harvard – why should I hire you over him, given that you’re much less impressive?",technical,behavioral,ib,,,,,accepted,8b6713903a68c96096ab5b45050c8603598daf1cb7a29cf8fd7dfd9f5ba62b8d
cq_3c3e3245c751458e,"Let’s say your MD is meeting with a client and you have been invited. As he’s presenting, you notice a mistake in the materials – do you point it out?",technical,behavioral,ib,,,,,accepted,326a7cb2a7bbe364018c38cd7ec1c5ae85974f03ac5cc33665e2b80c99df61f8
cq_795f57a041754afc,I see you have a big gap in your work experience over the past few months / few years / I see you have a gap of 2-3 years a few years ago – what happened there?,technical,behavioral,ib,,,,,accepted,13bb8a5428e24bd6dcb6863d6d9a91b772831f76ebdfdda3427d2168e828936f
cq_c4816a8094fe48b7,hy did you get a C in accounting? (Or other bad grade in highly relevant class),technical,behavioral,ib,,,,,accepted,6ae36a839263311207759444009c8e02c30a8a4e8bf5f9f4d1ce59329e3744b2
cq_02b02c286c4d464f,Why did you NOT receive a return offer from your internship?,technical,behavioral,ib,,,,,accepted,e864b9efda94e56b7da6135bb36993f8001d31a8d36b71b59a5886fe863e7410
cq_30567f5d85ac4551,"You graduated last year and don’t have anything listed on your resume since then – what have you been doing, and did you participate in recruiting last year?",technical,behavioral,ib,,,,,accepted,c3df1e87f5cecf350df89bfa31f42e0d0600839a6dfc3990b2e97e431f9fbc6c
cq_15589ebea2ea4f1d,Why are we your first choice? Wouldn’t you like London or New York more?,technical,behavioral,ib,,,,,accepted,aa475ab80f173ef857659bd31c1b57af98cb27ffcdd67c85d8a0ef49b5e7d357
cq_c6624188f6d544fc,Why are you so old? (Stated more tactfully),technical,behavioral,ib,,,,,accepted,ba1e7cbeca9c503f3abb7462e4dfcc3a2e844197f18e28f58667ce6863ec9252
cq_33c2824597fa4bcd,What type of animal / vegetable would you be?,technical,behavioral,ib,,,,,accepted,6041e1673e084d5b453eff1c496db64509c2122ed152ff0c4147f96f4a9f1ce1
cq_e81354bd22ef41ec,Let’s say that in the future your name turns up as the front page headline of a newspaper one day – what would the story be about?,technical,behavioral,ib,,,,,accepted,0cbb28ddf43ed920d180bb20001329fcede75f55874ea3a9eb3a63472b637dac
cq_f12146b9f16a456b,Tell me a joke.,technical,behavioral,ib,,,,,accepted,eb5c10fe18d9750934fedf2059ebfd1fccadce64217a583b783ff10959072c1a
cq_7f9ec556d94c4dd2,What’s your personal Beta?,technical,,ib,,,,,accepted,1280fa5e072d957e6a219c1169a4ee3434fc8bbded014a590fce527235581b9a
cq_0a24dee2de9a42a0,What’s the riskiest thing you’ve ever done?,technical,behavioral,ib,,,,,accepted,f5c7151c5847d35001cff108d3cb9d82e053da91dbc0c3c6d084b15eed8f19db
cq_250e3a305b8c4940,"Let’s say that you have $1 million, but you are NOT allowed to invest it or otherwise use it to create more money. What would you spend the capital on instead?",technical,,both,,,,,accepted,d152d127dd0c07ce48b5de27ef62e5c1d65d9aeabcb4e6a262cb506949397a5f
cq_75f39181ea83484a,How much do you know about what you actually do in Restructuring?,technical,restructuring,ib,,,,,accepted,ab4c43d82645f5c107865a67f89bbbea8d0eebf83114f534987db459e21a10e4
cq_055824f6794241a3,What are the 2 different “sides” of a Restructuring deal? Do you know which one we usually advise?,technical,restructuring,ib,,,,,accepted,8228ec972602139619f836e92f29ef8af693f44ecb8558d7b2400170da4f4437
cq_c8926e97da924dc2,Why are you interested in Restructuring besides the fact that it’s a “hot” area currently?,technical,restructuring,ib,,,,,accepted,8a05fa94e90f19dd7e9bd7c56f08db4da0c838bc8fb4453673228060a9874a71
cq_41ba7f8c766d420c,How are you going to use your experience in Restructuring for your future career goals?,technical,restructuring,ib,,,,,accepted,1649512bafca28c7719cd5a27043788efcdc640395fcc1c352a71bdf3a72d2a6
cq_ad2f66e24374432a,How would a distressed company select its Restructuring bankers?,technical,restructuring,ib,,,,,accepted,63e0e1f9fa66e736e08ada3995505ae75660e308d60a9b0d3204dc6258e14906
cq_e88a30ec60144131,Why would company go bankrupt in the first place?,technical,restructuring,ib,,,,,accepted,97b1ba5405c9b11e4825190dec7375a5da33d9c4d15d05fce66fd2ca9bfeeefe
cq_7dc4df4d251d4f2e,What options are available to a distressed company that can't meet debt obligations?,technical,restructuring,ib,,,,,accepted,bcf5f700190bfdaf2ce5e389bfd9c91a7ff3ff408f3b523556387c004f341183
cq_b761e5b4146d4f2f,What are the advantages and disadvantages of each option for a distressed company?,technical,restructuring,ib,,,,,accepted,ddef01e314fe02524a77c57f9416eaabf78b1a497ea3efca8932a6af1b2cdec2
cq_8f81409da8dc4269,"From the perspective of the creditors, what different strategies do they have available to recover their capital in a distressed situation?",technical,restructuring,ib,,,,,accepted,4499fa2cdc03752b2187ed289334a9bd53cf081d6fa3362a3af67f1151054d48
cq_8cd07aef990d43bf,How are Restructuring deals different from other types of transactions?,technical,restructuring,ib,,,,,accepted,afae83824f16b7cff028f2252d98074148eac82720636c319fe342e460d8a714
cq_5e07623a41c143d1,What's the difference between Chapter 11 and Chapter 7?,technical,restructuring,ib,,,,,accepted,e471b6e2aad9f9416ae17d1c982fc5d43a34c115aed09f93eef9bb777533add7
cq_8bb7af522576493d,What is debtor-in-possession (DIP) financing and how is it used with distressed companies?,technical,restructuring,ib,,,,,accepted,43a3ba576401db6391d5321970fb377891876de69d179b6b33fd83914799fbb6
cq_cbf2bcb6ca0f4a41,How would valuation change for a distressed company?,technical,restructuring,ib,,,,,accepted,ed1a14031b1680d28063af11d25689a8d46db95400ec08c13003add0d6949f75
cq_5dfc621abcc44f44,Would those adjustments differ for public companies vs. private companies?,technical,,ib,,,,,accepted,e122dc1449bb7bdf64c7e1300360f6a4feb6b282161bcae6ca47a01131d3fca5
cq_bc964fdd4b954f2e,"If the market value of a distressed company’s debt is greater than the company’s assets, what happens to its equity?",technical,restructuring,ib,,,,,accepted,cb07dc508410ca852796ae539cade17bb49290315649112e556031c02ccac7d0
cq_98b8d28463314a4f,"In a bankruptcy, what is the order of claims on a company’s assets?",technical,restructuring,ib,,,,,accepted,8f597b82ff423749ea19bf4400dc8e9438598a7b24048f580fa26baa401c5c0e
cq_6d48a91428b344b9,How do you measure the cost of debt for a company if it is too distressed to issue additional debt (i.e. investors won’t buy any debt from them)?,technical,restructuring,ib,,,,,accepted,501eb2e3492d7bfc2dc3506a4b6929f076b66f71100db4c893b7c8d165a8f3a1
cq_20620db1939a4773,How would a DCF analysis be different in a distressed scenario?,technical,restructuring,ib,,,,,accepted,21f80b567ccc03a9751243657b01c4afaee63d61ad2cae87f290b7d68c55df8a
cq_314764dfa22b4b6e,Let’s say a distressed company approaches you and wants to hire your bank to sell it in a distressed sale – how would the M&A process be different than it would for a healthy company?,technical,restructuring,ib,,,,,accepted,90d3faeb0cc5ff624de822c6db4135a7b50faf7d5d951f76435f1c61e2c49552
cq_db2d85e94757467e,"Normally in a sell-side M&A process, you always want to have multiple bidders to increase competition. Is there any reason they’d be especially important in a distressed sale?",technical,restructuring,ib,,,,,accepted,477abbca4af1ef93153ad275be15006e65e980e83674f7feed58980a846f99f8
cq_01f6352a36524d25,Would a seller prefer a stock purchase or an asset purchase? What about the buyer?,technical,,ib,,,,,accepted,7c1ba23f43f7cb71ebaf06b8a03bb9253ffb6f9d09387a4897116cb2d1c1c7f6
cq_d441cb9671b545ae,Sometimes a distressed sale does not end in a conventional stock/asset purchase – what are some other possible outcomes?,technical,restructuring,ib,,,,,accepted,b1f1a58f1583f83fda16ce41ee776d708e5518493aa69eb8c603a7b1f2f6bda4
cq_2997bd4cfc8c4918,Normally M&A processes are kept confidential – is there any reason why a distressed company would want to announce the involvement of a banker in a sale process?,technical,restructuring,ib,,,,,accepted,8a8dd7d54bf2ccf76a7db76e57ffe442de26edc1fd996d9e9e9de3177cb374d1
cq_ef88d00211d14a81,Are shareholders likely to receive any compensation in a distressed sale or bankruptcy?,technical,restructuring,ib,,,,,accepted,0cfe65b6147089352aa50361c437a8491e842dd6af03538212ae80eef3be100c
cq_ab64239bbf794790,Let’s say a company wants to sell itself or simply restructure its obligations – why might it be forced into a Chapter 11 bankruptcy?,technical,restructuring,ib,,,,,accepted,78cf807f23dd7c53a816a5a515c70cbc54d9589f3de48f0041dd3032f4cef9de
cq_634399de75f54d28,"Recently, there has been news of distressed companies like GM “buying back” their debt for 50 cents on the dollar. What’s the motivation for doing this and how does it work accounting-wise?",technical,restructuring,ib,,,,,accepted,c2949a193047de9f592987c97fef230ea929d0aa98e1fe7d9f3d00b56b8ab631
cq_ebfccfc871bf4828,What kind of companies would most likely enact debt buy-backs?,technical,,both,,,,,accepted,b69391825d74a08901334202460ce95b163c1dec36a0c2b875db9dc6f6029ea0
cq_317482e279b34a4a,Why might a creditor might have to take a loss on the debt it loaned to a distressed company?,technical,restructuring,ib,,,,,accepted,8042df938a397a96e4968b3b219437e8fe30cf73bccea1912c5f92e7d48e813f
cq_7b497b1a7f7a407b,What is the end goal of a given financial restructuring?,technical,restructuring,ib,,,,,accepted,b4b42c99a593e09556dd83162a1f865324787a94dd72f742db45c6853639af61
cq_eebce9ab8df242f7,What’s the difference between a Distressed M&A deal and a Restructuring deal?,technical,restructuring,ib,,,,,accepted,b72bd4c1f387eb4fc340e590523d7685c001d7370ad5ebcaba212376f34a26ed
cq_f69eb442cf294fd0,What’s the difference between acquiring just the assets of a company and acquiring it on a 'current liabilities assumed' basis?,technical,,ib,,,,,accepted,f9847613b91148772f5bf13bfef26a3c549f7e0b26a48f47a62b0c065bf576e5
cq_c099dcbaaca14af5,How could a decline in a company’s share price cause it to go bankrupt?,technical,restructuring,ib,,,,,accepted,63f62ef7884017667629781a64ab782f843028d8940f754e5c8b757cb7c36883
cq_3cbb3ee157cf4a70,What happens to Accounts Payable Days with a distressed company?,technical,restructuring,ib,,,,,accepted,e01d55a6a7d4748ac00a20d73dd2ca982f44d2ba7f850e8e8f287d1e8d2510e1
cq_372b7963549c4516,Let’s say a distressed company wants to raise debt or equity to fix its financial problems rather than selling or declaring bankruptcy. Why might it not be able to do this?,technical,restructuring,ib,,,,,accepted,72ac3886fba5edfbeeec6322b259767868dd043b620d24c9adc36b7d865cac07
cq_ad1f6558dc1d44b8,Will the adjusted EBITDA of a distressed company be higher or lower than the value you would get from its financial statements?,technical,restructuring,ib,,,,,accepted,cb0386c84103e6ac791c192ddd59b0722160559a33cd6efeea771e3382935cb6
cq_92e553376cf6433a,Would you use Levered Cash Flow for a distressed company in a DCF since it might be encumbered with debt?,technical,restructuring,ib,,,,,accepted,a04f9377f9e3c44ae8328a4be7f98c5ea51c2b7ff5a767ba716eebc3b5431915
cq_3cf64d475a3e4bb4,Let’s say we’re doing a Liquidation Valuation for a distressed company. Why can’t we just use the Shareholders’ Equity number for its value? Isn’t that equal to Assets minus Liabilities?,technical,restructuring,ib,,,,,accepted,489116c7b629bc6f6f27a613341454369dbc38650a8e649dc2e9f61797fd1cf6
cq_9478cd3cd94447b0,What kind of recovery can you expect for different assets in a Liquidation Valuation?,technical,restructuring,ib,,,,,accepted,08e67a283d349118245c14e68d7acf584d58db4e468c1e3ba7fc5e626ffeebd7
cq_73b896690a3c437a,How would an LBO model for a distressed company be different?,technical,restructuring,pe,,adjacent_pe_investing,,,accepted,7509f2c14823fbf409a5f1010eada2d606fd54b285101594bebc9f731cc5c5e6
cq_7eb46b60e55140cb,Can you give examples of major line items on each of the financial statements?,technical,accounting,ib,,,,,accepted,3ce2e06b2f9bc938f437684ea787160c2816a967fcb0435afcad1e31af89a3cd
cq_63504fd1349e41a3,How do the three financial statements link together?,technical,accounting,ib,,,,,accepted,6307d2f8eef18824452f441a9d6d72795a4db89728403b59c407bca0e728d3d0
cq_6b7b6ee3a9bf49ab,"If I were stranded on a desert island, only had 1 statement and I wanted to review the overall health of a company – which statement would I use and why?",technical,accounting,ib,,,,,accepted,d2feaf1dce3edef05d7a83df18b84e4bfa026ecd421cdba46918584e458e024f
cq_a829bc3dea9044ed,Let’s say I could only look at 2 statements to assess a company’s prospects – which 2 would I use and why?,technical,accounting,ib,,,,,accepted,6e0d331a120cdc8ed4449a872bbc43019c0d2846ceee452885f465eec3d6397e
cq_d5c6df306ee1432e,Walk me through how Depreciation going up by $10 would affect the statements.,technical,accounting,ib,,,,,accepted,4b91d34318b3c5a52230cba214ad674a8784f33ed723a647cae315d1c2fa8f84
cq_0b2a4cdf26d04ec0,"If Depreciation is a non-cash expense, why does it affect the cash balance?",technical,accounting,ib,,,,,accepted,85c37312851ac84b35b0f7fc43fcff24b6fdb34d85351f504ed7c74de32a747a
cq_516b5dc422ef4aa9,Where does Depreciation usually show up on the Income Statement?,technical,accounting,ib,,,,,accepted,dfc32be5c7804b31f8a6957ef265a0243f73c4816bde0ec93b308e0bcb4bf83c
cq_006f605c21ee4e84,What happens when Accrued Compensation goes up by $10?,technical,accounting,ib,,,,,accepted,3526f04efb098befdfede1cc5b5aa4749c57007496ab20f93cd57c7d7a59fe9a
cq_aa3fd65f62164c14,"What happens when Inventory goes up by $10, assuming you pay for it with cash?",technical,working_capital,ib,,,,,accepted,a17607d493ae47508e9bd168b5174005bc9c23e5935ea53d5986f9514f0fc8fe
cq_f2bcb5e7eb4e4110,Why is the Income Statement not affected by changes in Inventory?,technical,working_capital,ib,,,,,accepted,a4dae0fb30ba54eb6f40de2d125e5d350c4cd9578e458555da8a180a197d86e4
cq_15099edc274d49b1,"Let’s say Apple is buying $100 worth of new iPod factories with debt. How are all 3 statements affected at the start of “Year 1,” before anything else happens?",technical,accounting,ib,,,,,accepted,c69d061363ca3a93c2a8714de27fe64961148c6e17f54f4e1792349761cfdd91
cq_ff3ee3f76d944b6b,"Now let’s go out 1 year, to the start of Year 2. Assume the debt is high-yield so no principal is paid off, and assume an interest rate of 10%. Also assume the factories depreciate at a rate of 10% per year. What happens?",technical,,ib,,,,,accepted,5298dde1666c464177bd0d8921a40def1e2f14b191634a643655321a8eb173e4
cq_26d111dea711471a,"At the start of Year 3, the factories all break down and the value of the equipment is written down to $0. The loan must also be paid back now. Walk me through the 3 statements.",technical,accounting,ib,,,,,accepted,3c5d4d1c9d74f092aae2a02dfe7fe17a73866e7c437725c6bbaa3e3f350e86b1
cq_13a6e32c14c94fa1,"Now let’s look at a different scenario and assume Apple is ordering $10 of additional iPod inventory, using cash on hand. They order the inventory, but they have not manufactured or sold anything yet – what happens to the 3 statements?",technical,working_capital,ib,,,,,accepted,9bc3d3a3575c2881f338de4c61693b6eb47978b258f35106f225703571263ddf
cq_825afa2d5cb04352,"Now let’s say they sell the iPods for revenue of $20, at a cost of $10. Walk me through the 3 statements under this scenario.",technical,accounting,ib,,,,,accepted,c6e17757ed939a0964dbb9a0f5758c56ab5f4bd44041a5b09bbd33be91dc8ab1
cq_1b2ce929a7d140fe,Could you ever end up with negative shareholders’ equity? What does it mean?,technical,accounting,ib,,,,,accepted,7641c4d07b728fa9647ebfe133117241d2a6c6773e01e8507e7b35b3e1e25ffc
cq_c4f1bb3e728642d3,What is working capital? How is it used?,technical,working_capital,ib,,,,,accepted,63b92f17538b45ab16fd464dd943f99afdadd38a4ce8f1db4b9eab59d73880a8
cq_4d057d34ba8e402e,What does negative Working Capital mean? Is that a bad sign?,technical,,ib,,,,,accepted,20a25e56589bcbdb8aafe314a490fb2c1b112bb1f596abae1296aba88a725cc4
cq_842e2a09b3294165,"Recently, banks have been writing down their assets and taking huge quarterly losses. Walk me through what happens on the 3 statements when there’s a write- down of $100.",technical,accounting,ib,,,,,accepted,88c9a1d2e27f5024c13ca4887539fe296d933c35ea61c67f3fb7775a6602e7b2
cq_823fcf04cf664152,Walk me through a $100 'bailout' of a company and how it affects the 3 statements.,technical,accounting,ib,,,,,accepted,872ff1bcdca7dffe305fa3d8c7d4e25415dae0599e0003a0a43bd941025354d5
cq_818591855be64455,"Walk me through a $100 write-down of debt – as in OWED debt, a liability – on a company’s balance sheet and how it affects the 3 statements.",technical,accounting,ib,,,,,accepted,2ea100ec4ad28a74d0c68ae4f14f860667e21d23b6aa488a50ed1923ebc56143
cq_ed0f423b523c4043,When would a company collect cash from a customer and not record it as revenue?,technical,accounting,ib,,,,,accepted,f12ad80815a85630915b7182418758b2a48677a3fce7830e235bd29eabcd4490
cq_c9216f09ff614e58,"If cash collected is not recorded as revenue, what happens to it?",technical,accounting,ib,,,,,accepted,ced95b34a093cccff53e9b4a91c29b96d7a967c32b35ab1ccf2136ffab8895e8
cq_937fb515976c478e,What’s the difference between accounts receivable and deferred revenue?,technical,working_capital,ib,,,,,accepted,50bcc0a2db9065b637158142b0e001d1d9ba87a26e42e4aabf8d869156e7bb71
cq_8f3451bfef79461a,How long does it usually take for a company to collect its accounts receivable balance?,technical,,ib,,,,,accepted,96507580e098df9c2805eb20cab462207ea5766793dc9a911a96e8a3f7fa46c3
cq_68b428ba6b9d444f,What’s the difference between cash-based and accrual accounting?,technical,accounting,ib,,,,,accepted,6cb1e56667fb57fb04b0ec9e70ef124445455787c2c98f2ff251d438cd8cb5ac
cq_319c32cbe6954479,Let’s say a customer pays for a TV with a credit card. What would this look like under cash-based vs. accrual accounting?,technical,accounting,ib,,,,,accepted,660e261f69427059cd2a687041c5c097b4104b0be143276b3b63777e0e747606
cq_2e8a4ce2324d4638,How do you decide when to capitalize rather than expense a purchase?,technical,accounting,ib,,,,,accepted,2be3098e335674d6dce49a6755175bab5635e93808efaa95bd5c021c2cf08bbe
cq_8a366e3393b64915,Why do companies report both GAAP and non-GAAP (or 'Pro Forma') earnings?,technical,accounting,ib,,,,,accepted,bb4e4287cbf309da388bacd3665c74eb089616006ad7d64579d2b850cb84144d
cq_b90abd24cb7f486f,"A company has had positive EBITDA for the past 10 years, but it recently went bankrupt. How could this happen?",technical,,ib,,,,,accepted,2f17156ef2a39fcbe639a93f12c72ea3d62afe4bb766ab2d0cf910021bbf5019
cq_ef6feb8a1d9b44a6,Normally Goodwill remains constant on the Balance Sheet – why would it be impaired and what does Goodwill Impairment mean?,technical,accounting,ib,,,,,accepted,dfc86ecc8e95bf6c2e7e0b878a7d8b6c667970bc9c4aa1ccc653a535985e771e
cq_add7db6348ab468a,Under what circumstances would Goodwill increase?,technical,accounting,ib,,,,,accepted,c6008a66b30146136ab172df83df3144dcd882bee650adb860ddbeceb84b1994
cq_48ce60822518466e,How is GAAP accounting different from tax accounting?,technical,accounting,ib,,,,hard,accepted,21cdb9ad3b141181ce375207567ad4e2feef80a69a671a87fcdacb496a7cb3be
cq_7f36d6b4d27a4deb,What are deferred tax assets/liabilities and how do they arise?,technical,accounting,ib,,,,hard,accepted,f15cbafb53eaa320e2555a76338bc51c009846c5c67da660833b96cec82664ef
cq_74ba880e08364053,Walk me through how you create an expense model for a company.,technical,accounting,ib,,,,hard,accepted,448349f2e08fb4021598c01631562f93d619a026cc9d9829e67dff9b85e26d5a
cq_ea93719129bb4d2b,Let’s say we’re trying to create these models but don’t have enough information or the company doesn’t tell us enough in its filings – what do we do?,technical,,ib,,,,hard,accepted,9f43025f042e579157cd1be19054592f8f65b4cf565976e8077a85afb320825d
cq_d463d28b141e43f1,Walk me through the major items in Shareholders’ Equity.,technical,accounting,ib,,,,hard,accepted,bf34287cc3a56d179baf9e7d26a6302355ffb2674e4a35540774ea83b8836c9f
cq_fbc5552112444919,Walk me through what flows into Retained Earnings.,technical,accounting,ib,,,,hard,accepted,3191fece9620ab6065c9b8e870fc8b8538b62188d10f0a3a61aa71b394673ddf
cq_95f257b1cc25442f,Walk me through what flows into Additional Paid-In Capital (APIC).,technical,accounting,ib,,,,hard,accepted,bb0c1994be69dc413fcc1828b998531808e86f277fb009fca01a3418ec9de4fd
cq_f605143baab8421d,What is the Statement of Shareholders’ Equity and why do we use it?,technical,accounting,ib,,,,hard,accepted,a63f287541b13f97e601e4787875429a6b692a66b95a2e59c5c954bc9febce4f
cq_699ec9fe28eb4027,What are examples of non-recurring charges we need to add back to a company’s EBIT / EBITDA when looking at its financial statements?,technical,accounting,ib,,,,hard,accepted,235679f7ff89ecbbab3f66ad4869b479c8dc975f09b35714c912df84e06e380e
cq_6a32559edd124f4c,How do you project Balance Sheet items like Accounts Receivable and Accrued Expenses in a 3-statement model?,technical,working_capital,ib,,,,hard,accepted,19fc5eb4e0ba63d9e04713cec301a8bf22f0df84975f00fd32240a833464ad50
cq_1f3979ed0fb24cf4,How should you project Depreciation & Capital Expenditures?,technical,accounting,ib,,,,hard,accepted,49475c33e9f99d2e843fd9bb1dd0820b4c8e363a3652be7f08fbe85b755c1987
cq_8788fe1a6dc9450e,How do Net Operating Losses (NOLs) affect a company’s 3 statements?,technical,accounting,ib,,,,hard,accepted,53b2c22ff4abdfa3fde7e7c627557fe55be443f42bd8e7429fae5aa8e757ede1
cq_5a6d5eb9e4684673,What’s the difference between capital leases and operating leases?,technical,accounting,ib,,,,hard,accepted,95b800d14dda1f9bb5c676df7dbff786ffbd6ed91baee791a2122fbc59c578ec
cq_6f524f3351104f10,Why would the Depreciation & Amortization number on the Income Statement be different from what’s on the Cash Flow Statement?,technical,accounting,ib,,,,hard,accepted,e1ff8a00da9c4b7af498b9d37a9ad9738a56a07c65bf41dd3ee15e2f7e5920e3
cq_ccb203dbbac0404c,Why do we look at both Enterprise Value and Equity Value?,technical,enterprise_value,ib,,,,,accepted,3833181f906f7c4470b201ceea6c06336bd75facfbf6317374aafa42797ae68a
cq_6b8932f1b2684545,"When looking at an acquisition of a company, do you pay more attention to Enterprise or Equity Value?",technical,enterprise_value,ib,,,,,accepted,57a7a45269dcb39f70a850c5e0d4824ec372e4b3e40cdb0ee51e1f4e227bcee9
cq_8a75fe6712ca4fe3,What’s the formula for Enterprise Value?,technical,enterprise_value,ib,,,,,accepted,bf816db05026f46723e494845c1ee35ca0263789cd92358a438a5cdb96e18202
cq_32daa6c06e3a46ad,Why do you need to add Minority Interest to Enterprise Value?,technical,enterprise_value,ib,,,,,accepted,47943888803f9f19c6e6a762681d8a25a04a96d43c959f6f0ead33ca904c439a
cq_40b72295f4ed403c,How do you calculate fully diluted shares?,technical,enterprise_value,ib,,,,,accepted,5e137eed5ce27be1ec717874c0935bcb7e98c903683ba5534dba6b4347658545
cq_1c3adf726d644ee0,"Let’s say a company has 100 shares outstanding, at a share price of $10 each. It also has 10 options outstanding at an exercise price of $15 each – what is its fully diluted equity value?",technical,enterprise_value,ib,,,,,accepted,231b1aa48b2310105c73b8638a35d4bcecfe64e653385217352496413262dc61
cq_16283e97421d4821,Why do you subtract cash in the formula for Enterprise Value? Is that always accurate?,technical,enterprise_value,ib,,,,,accepted,ccf962c87622e55d4ec6519f8da89db4b26f6ca498394e5d55964124355dba7e
cq_187fa95cce7b408d,Is it always accurate to add Debt to Equity Value when calculating Enterprise Value?,technical,enterprise_value,ib,,,,,accepted,f46378e3e208f0e1b00a22ab62d54354eaca12cad97207cfa2d3f0fa1127e2e2
cq_617fc6eaff9a441a,Can Enterprise Value be negative? What would that mean?,technical,enterprise_value,ib,,,,,accepted,8f633a852abe3d08d6f015f9dd147fd979a2c598211308b446c90612a096f492
cq_7f3b290cb078425d,Could a company have a negative Equity Value? What would that mean?,technical,enterprise_value,ib,,,,,accepted,d195e3f1335071b329d8da3f1aff8c16b3655d24655791bea63ff2d2dd07f2f1
cq_6b41bb93a2c24040,Why do we add Preferred Stock to get to Enterprise Value?,technical,enterprise_value,ib,,,,,accepted,0388254a3ca972d9b945ce6b187b473b398a18f21aa2fdb2153173bf55e8da6c
cq_e05fef96bfae4425,How do you account for convertible bonds in the Enterprise Value formula?,technical,enterprise_value,ib,,,,,accepted,2d939376d05a2d9197600477ea05a3f600172e27fbf19fbaa72c7a24b149ff57
cq_b0e29150b0fd4631,"A company has 1 million shares outstanding at a value of $100 per share. It also has $10 million of convertible bonds, with par value of $1,000 and a conversion price of $50. How do I calculate diluted shares outstanding?",technical,enterprise_value,ib,,,,,accepted,ba55951dbdc9cf78d254a68b1e07f3b560c1745548a68660746fdcc527edee58
cq_a38f594a71df47da,What’s the difference between Equity Value and Shareholders’ Equity?,technical,enterprise_value,ib,,,,,accepted,d0838031d4ff30b4dbf7c1d2af1fb2baecf306fc07a16f9159eff661b53e1ce2
cq_5c123fab555c4855,Are there any problems with the Enterprise Value formula you just gave me?,technical,enterprise_value,ib,,,,hard,accepted,238feef89bda34f254e8110528196d3e60625868bf48c57124d528983f45aaab
cq_9dc7c62ff03d4572,Should you use the book value or market value of each item when calculating Enterprise Value?,technical,enterprise_value,ib,,,,hard,accepted,3f4a2b4b366aa1c5c0aa31ad2d1f4ea79f59c473904e3f8f425ed7ae28ab2174
cq_2a195733afe14235,What percentage dilution in Equity Value is “too high?”,technical,enterprise_value,ib,,,,hard,accepted,45efa15eab839f56558a71837112e1a2f2f7a82d09b4e3d163912c38017fece5
cq_feb4ddab223041e3,What are the 3 major valuation methodologies?,technical,valuation,ib,,,,,accepted,fab25d4228ca680668eb30e5cf507c392915c88a4160d42c28b594bf3a0aa514
cq_f9a00579c6f24f44,Rank the 3 valuation methodologies from highest to lowest expected value.,technical,valuation,ib,,,,,accepted,a8bcb676d9892d2dd018dd683c85a1b57ca71f00ff5d24e33c55b91ecf0f8996
cq_9f0737b1e2d0463e,When would you not use a DCF in a Valuation?,technical,valuation,ib,,,,,accepted,b39a69b901843a7fe36cc9e2121b36314e4315dafa305bc334326e71bcb8b715
cq_9504a2e322ec4529,What other Valuation methodologies are there?,technical,valuation,ib,,,,,accepted,87b0ce87ca05d192e83ad600f1fba06a9ef6c2b679b6776c9b76a1f037c3ffce
cq_2e48111357754f1f,When would you use a Liquidation Valuation?,technical,restructuring,ib,,,,,accepted,c4dea55029c23f246c88c9ef6bd7d547eaa5f471ad382b2c3f7bc9a2b23d69d9
cq_17d753fb32904f73,When would you use Sum of the Parts?,technical,valuation,ib,,,,,accepted,80990d2dc0ddec23b90d6df227f456322b8b9acdee18fd6678e2140f4dff9e3e
cq_e91ac5aff6c0420a,When do you use an LBO Analysis as part of your Valuation?,technical,lbo,pe,,core_pe_investing,,,accepted,3de13a2e0ca1395d3439e790196854d4f8d1e1fa4e3fe37bc2b03b6fab967032
cq_5c2e5cbb236642d2,What are the most common multiples used in Valuation?,technical,valuation,ib,,,,,accepted,b2c87e47ef47095aa25d6f5e63d04ebffae6b1d1f9d6bd8df512d88bb72e390e
cq_0ed8c9f7a4ae4d14,What are some examples of industry-specific multiples?,technical,valuation,ib,,,,,accepted,19e34f6138f9846ae5c3654ba9bf7e450a9228a411dd4f98661e93611e8d04b1
cq_858f9b80b4334667,"When you’re looking at an industry-specific multiple like EV / Scientists or EV / Subscribers, why do you use Enterprise Value rather than Equity Value?",technical,valuation,ib,,,,,accepted,cb4f5eabcdffb804613b518b6559bf99946f2c2d9b522e9456cc0292455b0b33
cq_d5c2dc215d83443f,Would an LBO or DCF give a higher valuation?,technical,lbo,pe,,core_pe_investing,,,accepted,5d26d7b89f7ef54b3391e32b66867c3b48aa5b11a13a31448a238277a42d2a27
cq_a06ed529e9784dbd,How would you present these Valuation methodologies to a company or its investors?,technical,valuation,ib,,,,,accepted,5d5661b506195e23bb9911e07339fa02833f4b38fcc949f3fb03b33443b4b2d5
cq_9dc9da9dde0949d3,How would you value an apple tree?,technical,valuation,ib,,,,,accepted,6b731d509bda83d481e9a3917ac0ce8078c74fca4d6a325310ab0a1b9aafbb2f
cq_5a955926b69a4ff5,Why can’t you use Equity Value / EBITDA as a multiple rather than Enterprise Value / EBITDA?,technical,valuation,ib,,,,,accepted,5f174706ad350a222979429b96ebc54ed9b647757679fc3c06d04728a98068d1
cq_6d5763719a5c43c6,When would a Liquidation Valuation produce the highest value?,technical,restructuring,ib,,,,,accepted,a64d5eba0b82e2dea53913890addaa41b855a63712c2a4da05bf5c9f2cf43b86
cq_e97e4e545cac465b,Let’s go back to 2004 and look at Facebook back when it had no profit and no revenue. How would you value it?,technical,valuation,ib,,,,,accepted,59d9b21a1f5d7f8ded7e6fff56cd14a54fef99d8e15651f5a2f9dbd94e02860e
cq_281eee967e0a4a03,What would you use in conjunction with Free Cash Flow multiples – Equity Value or Enterprise Value?,technical,valuation,ib,,,,,accepted,a4318b93c0f0f4921ccc6b4cdd98cd1cd4820fa16709594c078f144f2ff7ee86
cq_33426203250646e5,"You never use Equity Value / EBITDA, but are there any cases where you might use Equity Value / Revenue?",technical,,ib,,,,,accepted,757960561b2ed46a95e9d1bb16e23ef1394707f71fc64dd787356af83d8fe531
cq_0220996bda424750,How do you select Comparable Companies / Precedent Transactions?,technical,valuation,ib,,,,,accepted,f23022bf391ac4833e44361385a68dce87c42426950b17a67c24c202a902f5c3
cq_442696f0eac84c46,How do you apply the 3 valuation methodologies to actually get a value for the company you’re looking at?,technical,valuation,ib,,,,,accepted,71b806bda6200e1111b0840e579001befe98a1798c46a543610323596504b7d4
cq_29fb1b768111452f,What do you actually use a valuation for?,technical,valuation,ib,,,,,accepted,e8fba39c120d147611dfe19520d124daf28ae70b44f1b8fb453d10427a406fca
cq_98ee7947a97c4c85,Why would a company with similar growth and profitability to its Comparable Companies be valued at a premium?,technical,valuation,ib,,,,,accepted,f5de41b2619ce012a9ff1a86c2452790124e2145c17f4308b9d3f954d4ee049d
cq_0bc3a8f6aec34891,What’s the flaw with basing terminal multiples on what public company comparables are trading at?,technical,valuation,ib,,,,,accepted,dad8809e6423ed7c7b8acd2fac29b8f26dca0f3ac9ffcacc7893820f7bc5fbeb
cq_aa71d1b1619f4627,How do you take into account a company’s competitive advantage in a valuation?,technical,valuation,ib,,,,,accepted,026f6458b4990ec462af4bf36c7b1f75173997a2e54df47ab4aafad0391aa329
cq_4cb8d04837d64e81,Do you ALWAYS use the median multiple of a set of public company comparables or precedent transactions?,technical,valuation,ib,,,,,accepted,7c44da0b19cd81742fcf44d0628b8b63f082b817c56ea0f6c8ffedd0f2b49b45
cq_465b1f33d4914874,You mentioned that Precedent Transactions usually produce a higher value than Comparable Companies – can you think of a situation where this is not the case?,technical,valuation,ib,,,,,accepted,30160353222c032c5fcb2d53938431256a107603c2db5864cbe7c0d8ee6a4112
cq_637cea43aead407a,What are some flaws with precedent transactions?,technical,valuation,ib,,,,,accepted,90d445f8c63b0a207c1ad76f89a1e0cb98f9827619311b995b769af4ae848b78
cq_cf4265fa6861465a,"Two companies have the exact same financial profile and are bought by the same acquirer, but the EBITDA multiple for one transaction is twice the multiple of the other transaction – how could this happen?",technical,valuation,ib,,,,,accepted,b8c8c8804cbc949aab0e7962800f4b11a7a14b4821d22656edf4c69adf9a9092
cq_50b4f448a2c9438b,Why does Warren Buffett prefer EBIT multiples to EBITDA multiples?,technical,valuation,ib,,,,,accepted,e1921dde6484b4076ae6534af6420ab3420183281439d617d7b7c3f0f6001698
cq_f06907cf13db44ab,"The EV / EBIT, EV / EBITDA, and P / E multiples all measure a company’s profitability. What’s the difference between them, and when do you use each one?",technical,valuation,ib,,,,,accepted,38329d82da1c0aaa2a74ef2ffedaf44fc51a23af2f0493702e382d4943f50293
cq_9d456291655f46b3,Can you use private companies as part of your valuation?,technical,valuation,ib,,,,,accepted,ecec2e465af8ed35914317b1b57695f3b771b0915157c9729ccdd29accf415f1
cq_63383f54fc6340a4,"If you were buying a vending machine business, would you pay a higher multiple for a business where you owned the machines and they depreciated normally, or one in which you leased the machines? The cost of depreciation and lease are the same dollar amounts and everything else is held constant.",technical,valuation,ib,,,,,accepted,3a005934f2c1322bfc4485f82426867b17ef1577067b6b8a92a71505120dfaee
cq_281a64f347a44380,How do you value a private company?,technical,valuation,ib,,,,,accepted,2bc9b256890d711850d2a908f64ad32aee5878e807ee48d8db28d6a9ef2700e1
cq_91bce5ff306b422a,Let’s say we’re valuing a private company. Why might we discount the public company comparable multiples but not the precedent transaction multiples?,technical,valuation,ib,,,,,accepted,88b01a4590a169ac26ea53739131fe9d4379f82aedb69607d955321130dd2f9b
cq_00a1635dbfc14545,How do you value banks and financial institutions differently from other companies?,technical,valuation,ib,,,,hard,accepted,2dbae80ef2247a593eccd0520c0ad49514fc4c16a106fe5912b8052385567971
cq_6ada452a12d44d76,Walk me through an IPO valuation for a company that's about to go public.,technical,valuation,ib,,,,hard,accepted,1b483b3eaa1f0d0734f14ec5570d818edc9ffb6e252f8c5cf20ae9d5cec0316d
cq_57b457bfcd004ceb,Walk me through an M&A premiums analysis.,technical,,ib,,,,hard,accepted,c3c553b568a375d30acf18746b3c6fa6419b2325358bef9e6e76b9227d8f240e
cq_957a1a5ad8bb421b,Walk me through a future share price analysis.,technical,valuation,ib,,,,hard,accepted,ac1a01a68e7ddefc5ee021e929bcef2daa0a825b40e7a62dd482d3e07c4da839
cq_15549d2fc9a04483,Both M&A premiums analysis and precedent transactions involve looking at previous M&A transactions. What’s the difference in how we select them?,technical,valuation,ib,,,,hard,accepted,a3a104c2d8ffecabd29019e185d9bdd9571ff3cb884b77b5de91b6fe28882d8c
cq_4d88254017944cb1,Walk me through a Sum-of-the-Parts analysis.,technical,valuation,ib,,,,hard,accepted,a7aa4e381b31530df3231fef47f8d10b9c1388d7ae9ef6e5c158d2015c3ffa9e
cq_bd2ad243fd424d43,How do you value Net Operating Losses and take them into account in a valuation?,technical,valuation,ib,,,,hard,accepted,a67a5529754e8f0fd2ab0d1cb73b865c5d86b8c1db8c58514c2a84b058b9a06d
cq_84d65ab0c9614e79,I have a set of public company comparables and need to get the projections from equity research. How do I select which report to use?,technical,valuation,ib,,,,hard,accepted,cb459f1742932df0c97d9812836b322080edc0f151220db5f41bb9447aec5718
cq_8f509c87423d43ee,I have a set of precedent transactions but I’m missing information like EBITDA for a lot of the companies – how can I find it if it’s not available via public sources?,technical,valuation,ib,,,,hard,accepted,c7f1e714073d7466a05fc04163604e460df95c170beec39d4e82ba7513e44b62
cq_2827195a0ae241f1,How far back and forward do we usually go for public company comparable and precedent transaction multiples?,technical,valuation,ib,,,,hard,accepted,81df4565e3a4da459600bc0ce29acdf17e6a41a0b971a45123979ed0162add10
cq_ed6cc02b51584998,"I have one company with a 40% EBITDA margin trading at 8x EBITDA, and another company with a 10% EBITDA margin trading at 16x EBITDA. What’s the problem with comparing these two valuations directly?",technical,,ib,,,,hard,accepted,def038928976e68052646704d5c4f30291a999f314e695231cb4c0609fe60951
cq_ff508b642c054bde,Walk me through how we might value an oil & gas company and how it’s different from a “standard” company.,technical,valuation,ib,,,,hard,accepted,e84866c75260b21fa7b84fcfaf65b3224426f77b6df1e54da8bd6f61de7427ff
cq_aa1846da3f964f4d,Walk me through how we would value a REIT (Real Estate Investment Trust) and how it differs from a “normal” company.,technical,valuation,ib,,,,hard,accepted,88d3a1dd3a9d1a533dd4e0be64b5d126881bd40f11bd1df31165127c4abcc05d
cq_1990bf98f34d4d15,Walk me through how you get from Revenue to Free Cash Flow in the projections.,technical,valuation,ib,,,,,accepted,434e02227cfe15144737d2b383ee07fc52dab34a1d3d0afcb260a4793c6153a7
cq_704b3332dc224084,"What’s an alternate way to calculate Free Cash Flow aside from taking Net Income, adding back Depreciation, and subtracting Changes in Operating Assets / Liabilities and CapEx?",technical,valuation,ib,,,,,accepted,ccff09db0780e67f814540902f82cd8d7880c39bc5914db63d95d7f8dcea6b8d
cq_a8bae917c43242a3,Why do you use 5 or 10 years for DCF projections?,technical,valuation,ib,,,,,accepted,ddc2e2737c5b0523dc40434ed2571d74b1b4aba7d9a7894a3f526af80af15a0c
cq_3b84b0d0b2674433,What do you usually use for the discount rate?,technical,valuation,ib,,,,,accepted,576487da0e1e55876e6c98e96d05293638b6b8341a8dbfffeff84551e3a10efb
cq_67f4db3705834718,How do you calculate WACC for a private company?,technical,valuation,ib,,,,,accepted,fbe50cf6fe9fd9564c34544edd8a4592b92542c15149afd0426cd8773d0ce8bf
cq_144739edafb9417d,How do you calculate the Cost of Equity?,technical,valuation,ib,,,,,accepted,7b93cef77e6d8eb0037f5dfa0472cf8c91f47211a1a7c2f8467728bc3ab1297c
cq_e9a215d4c2ff489f,How do you get to Beta in the Cost of Equity calculation?,technical,valuation,ib,,,,,accepted,dae9036f9080af3b9bfec5ccead7e762871e080386050eaae776e10fb9123946
cq_667eaff09bdb443f,Why do you have to un-lever and re-lever Beta?,technical,valuation,ib,,,,,accepted,9eb36608f8343abf0f1f9b0607f152e0f95430ef8407465da9b7b9ce17aa1f3d
cq_bd54d7903bdb46ef,Would you expect a manufacturing company or a technology company to have a higher Beta?,technical,valuation,ib,,,,,accepted,95ef703172f154051017f795c5995b613411041c95089b42fe260e100966018b
cq_2b6abab9a11d43a3,Let’s say that you use Levered Free Cash Flow rather than Unlevered Free Cash Flow in your DCF – what is the effect?,technical,valuation,ib,,,,,accepted,9e094dc026974c7fe872d9b108f3ff38ba2f475079face4600d26dc186809b52
cq_bef1b0b7e2d94d04,"If you use Levered Free Cash Flow, what should you use as the Discount Rate?",technical,valuation,ib,,,,,accepted,0bd4f89f21ce21387fd4bb85cbb4987d0c9723f604b576c8892263bcdf7ddeb7
cq_71a764c3f71741ff,"What are the two ways to calculate terminal value, and how do you sanity-check the result?",technical,valuation,ib,,,,,accepted,4a897019136159b3e3e2e0b5fa3ed56b9647496131b2784027c04102aa74e796
cq_e3896996740d4569,Why would you use Gordon Growth rather than the Multiples Method to calculate the Terminal Value?,technical,valuation,ib,,,,,accepted,437d1bf1be31be497c6c7fa309c0451ff63ca2df0717417148a0d6e5f228888f
cq_99e2dd9d186f447e,What’s an appropriate growth rate to use when calculating the Terminal Value?,technical,valuation,ib,,,,,accepted,93451b8ef78ce29f69d356bd419d823c5c14a432be0f85c30a5286e252255c0e
cq_e972e77e6d074476,How do you select the appropriate exit multiple when calculating Terminal Value?,technical,lbo,both,,,,,accepted,9d505a4e8a903b943b168d6ebcb4aee5947d2e2a435bac65c93efb7654a37b61
cq_14f0acda1fd344cb,Which method of calculating Terminal Value will give you a higher valuation?,technical,valuation,ib,,,,,accepted,24b69c98f3136a3ea26af59589d579c03e6c815c2cb0cf6ea0fc3d8ca76d72fd
cq_1a11f32723f045c5,How do you know if your DCF is too dependent on future assumptions?,technical,valuation,ib,,,,,accepted,f3d9d4450b73069542338dfd3146bb5edf3497195b6907fb3d84b6bbdb947552
cq_96af2223dc774620,Should Cost of Equity be higher for a $5 billion or $500 million market cap company?,technical,valuation,ib,,,,,accepted,fe1347a2eca45c428783667a52f2856cfa83fe3bf17ea6dbbf825c6d5518832f
cq_0df49d6e682f420d,What about WACC – will it be higher for a $5 billion or $500 million company?,technical,valuation,ib,,,,,accepted,6d45c9be1cef2b886d9d3512d35f598535dc3ff158d40eb1378a6067f8e6f2e8
cq_3e9870db6dac494a,What’s the relationship between debt and Cost of Equity?,technical,valuation,ib,,,,,accepted,4977f24256dac9fddf1e97701efc8926d6e66c254855b1e73c60107c62e9ff64
cq_eb9b7744a8814fd4,Cost of Equity tells us what kind of return an equity investor can expect for investing in a given company – but what about dividends? Shouldn’t we factor dividend yield into the formula?,technical,valuation,ib,,,,,accepted,6fa2e479d2991642cb9d2460da4c21074da02ea642657f6b8c94b4542d5d9c21
cq_a22e06dc12d24290,How can we calculate Cost of Equity WITHOUT using CAPM?,technical,valuation,ib,,,,,accepted,6ff1d96e05d310ec21aa0c564e5d3ff1fa2d8c0f6152d64fa710aa4402055b19
cq_f73968b693874af0,"Two companies are exactly the same, but one has debt and one does not – which one will have the higher WACC?",technical,valuation,ib,,,,,accepted,8b3e2cd3e2c535059ae703715e6ab5b7d68c979afc3b5aa704c98461d0995449
cq_7d6d75264c3f4195,Which has a greater impact on a company’s DCF valuation – a 10% change in revenue or a 1% change in the discount rate?,technical,valuation,ib,,,,,accepted,c34dc5a6b5a3ad8ec59f106248e0849ef8837601c5ed61d8ee4b7c46b3cdfb0b
cq_cdb514424b7d4ae8,What about a 1% change in revenue vs. a 1% change in the discount rate?,technical,valuation,ib,,,,,accepted,ae50c60d96ab569ebec78fb24dabe0d3763d2043fbf68b622c74fb9bcb7a6a23
cq_2fa52b2b06804f46,What should you do if you don’t believe management’s projections for a DCF model?,technical,valuation,ib,,,,,accepted,9b81eb3e6b6969022ddf1ab1b38b872bc64e50b1392a697a76ec4a79afc162a2
cq_21ab1c196db34188,Why would you not use a DCF for a bank or other financial institution?,technical,valuation,ib,,,,,accepted,fc6b3511c38c7c37c11695f11528df3ee678474bed3268fa82fa09070c2a9d2c
cq_cdd7855a21314692,What types of sensitivity analyses would we look at in a DCF?,technical,valuation,ib,,,,,accepted,3d7f58a25b08715109fc93b4b0747e4a29c08ca38d5e99d78ebd385b130a1a47
cq_4077dbb80c224c6d,A company has a high debt load and is paying off a significant portion of its principal each year. How do you account for this in a DCF?,technical,valuation,ib,,,,,accepted,2a3457a58fbcf88d3ea042514c1ece56e3df2650ac3c796ddd5a92952e4e89ea
cq_25a4f6848fa24270,Explain why we would use the mid-year convention in a DCF.,technical,valuation,ib,,,,hard,accepted,1a3652d89fa34c5b0cf223fbe3f453636b85c441d9e1b65cb872ae3d5fa0bcd5
cq_584236f4794042f7,What discount period numbers would I use for the mid-year convention if I have a stub period – e.g. Q4 of Year 1 – in my DCF?,technical,valuation,ib,,,,hard,accepted,980dacd1e848440542ec71b9fff07f8f5e2968f66cfcc40bf83a86775ab4c643
cq_58bf47a691df4b2b,How does the terminal value calculation change when we use the mid-year convention?,technical,valuation,ib,,,,hard,accepted,bc78952cfbf3acdf3e1e6fe286f9c8e3b840c0c1e048fc0425a97e2b9727a671
cq_0051b6ee2aee4244,"If I’m working with a public company in a DCF, how do I calculate its per-share value?",technical,valuation,ib,,,,hard,accepted,10b1dd2a16fc418bc8cccdd7b504c9de8383cfca9c4f4af4d63f970b488aaef7
cq_9f9afa71337b4f27,"When you’re calculating WACC, let’s say that the company has convertible debt. Do you count this as debt when calculating Levered Beta for the company?",technical,valuation,ib,,,,hard,accepted,09a2a052af121a9c78f217cf5d973a7ea3189ed7ec68b4ac5bbb93196646fba9
cq_96dd43b381d74166,"We’re creating a DCF for a company that is planning to buy a factory for $100 in cash (no debt or other financing) in Year 4. Currently the present value of its Enterprise Value according to the DCF is $200. How would we change the DCF to account for the factory purchase, and what would our new Enterprise Value be?",technical,valuation,ib,,,,hard,accepted,7a7c5d14ad58c6b831d983c499bb2f04087a887152fff39ac348d12a3e7cc3a9
cq_f6941c5fe0eb4c8c,Walk me through a basic merger model.,technical,merger_models,ib,,,,,accepted,b9df39bc41472f6dd6e60e58727fa4beeec7539dc612b6d97529bec1297f3d98
cq_31bbe094300a4329,What’s the difference between a merger and an acquisition?,technical,merger_models,ib,,,,,accepted,dbdb31477f2be9bd3fbae17e702ff7c576ca9a93bb99019a6a4610c3f174b9ba
cq_118a4c5d57284599,Why would a company want to acquire another company?,technical,merger_models,ib,,,,,accepted,45ebdb095d17fee9edce41cff7a2c4542e91911acee9105a6f04037877d0fbc4
cq_f2063ecaffef4d41,Why would an acquisition be dilutive?,technical,merger_models,ib,,,,,accepted,2c85b36966799749b11c63f51a8eaac43f79eb449a7e8be646568f3c3e37b7de
cq_d372b36ccbba4b4d,Is there a rule of thumb for calculating whether an acquisition will be accretive or dilutive?,technical,merger_models,ib,,,,,accepted,696300a3345461772b8d215f75ca378e871cba70d6744b86d6c96aad37345119
cq_027326f9e4e74d15,A company with a higher P/E acquires one with a lower P/E – is this accretive or dilutive?,technical,valuation,ib,,,,,accepted,ba720446e520015eb7eac72be5e843a1d8c6e564eccac90e01d2d498a15c9f0a
cq_c0b3bf787dd443cf,What is the rule of thumb for assessing whether an M&A deal will be accretive or dilutive?,technical,merger_models,ib,,,,,accepted,4fa83b97c0b951c7dd82763ff340ac16ddb1563a4a9a3392578de4f8a4e9f8d9
cq_ff561da3731b44e9,What are the complete effects of an acquisition?,technical,merger_models,ib,,,,,accepted,9f2b1a5ef37bcab836b69f009172f5bd1cb74063c24c10598149fa9033720015
cq_f2133cc4655f4241,"If a company were capable of paying 100% in cash for another company, why would it choose NOT to do so?",technical,,ib,,,,,accepted,d457d5048f6ad609036025226cf8c01a34687e3ec3d4e15b1747f14a565c4353
cq_f426d73a85ff4850,Why would a strategic acquirer typically be willing to pay more for a company than a private equity firm would?,technical,merger_models,ib,,not_pe,,,accepted,5679bf036993cc17f3d06b80ee9d30021141e6f3b639895d4c31c519765a7fdc
cq_592c9172d4814ad1,Why do Goodwill & Other Intangibles get created in an acquisition?,technical,accounting,ib,,,,,accepted,924dd520a05c3ded90331d9b634e1b10e951ba7a6ea07372135ccd95f4cc2759
cq_124968be93354096,What is the difference between Goodwill and Other Intangible Assets?,technical,,ib,,,,,accepted,23d33311b27e55160421297ef389d11847ecd5a1c5af73e6f57bea77e8a08204
cq_ab78f4bb0e974d21,Is there anything else 'intangible' besides Goodwill & Other Intangibles that could also impact the combined company?,technical,accounting,ib,,,,,accepted,53161f28e35b8d751a794c5510e305aa2f95e91de8e61011def925c0a96af2f1
cq_9f5ac0cd3d38479c,"What are synergies, and can you provide a few examples?",technical,merger_models,ib,,,,,accepted,386beaa6fbc11d0284d276986e749362f78683d4bca46b7b4d287f8a40789e2b
cq_a1771eb474b144ce,How are synergies used in merger models?,technical,merger_models,ib,,,,,accepted,7bda829c699792896800b335bdc08765ad68a92366df904e8bb1590765408da7
cq_a07d7dc8e24d40c5,Are revenue or cost synergies more important?,technical,merger_models,ib,,,,,accepted,825d91de7e60edf4e72f9a0ee3d549ddda2ac05ca6cf6345d78f319d91481fc2
cq_28e19f6b22c34cd0,"All else being equal, which method would a company prefer to use when acquiring another company – cash, stock, or debt?",technical,merger_models,ib,,,,,accepted,b9426d82025dc5b617fcbaa7675d030811df1825d9f4009fbeba265dbeb1722c
cq_5b8ae12a8f3c4e0a,How much debt could a company issue in a merger or acquisition?,technical,merger_models,ib,,,,,accepted,3bec958fc047551d22776c98eae46ef9d36f71624223f342cfbd7da4af4fcf0f
cq_4d7ed5a72dc8404f,How do you determine the Purchase Price for the target company in an acquisition?,technical,merger_models,ib,,,,,accepted,d4c5a69405866bc952a112768f4c7b590699ff951f06e6a00d33430db67c1afe
cq_f8241edb00464789,Let’s say a company overpays for another company – what typically happens afterwards and can you give any recent examples?,technical,merger_models,ib,,,,,accepted,21a54f033762f3f18f7f88ebf57086a80922a2eabb03679ef4755cb992c94b64
cq_487311bc7d564ad7,"A buyer pays $100 million for the seller in an all-stock deal, but a day later the market decides it’s only worth $50 million. What happens?",technical,merger_models,ib,,,,,accepted,3a6b96871af7bc11b9bdf623607f6f59a16579de7b6cc4a615b3b761ebc881ea
cq_e826eab821974705,Why do most mergers and acquisitions fail?,technical,merger_models,ib,,,,,accepted,81ff94dca0a537f1a7fc68284566bcce441bad14c9fb788018fb1c73deb1d283
cq_2956125a0a044772,What role does a merger model play in deal negotiations?,technical,merger_models,ib,,,,,accepted,936b2e58c48cc99dbaa1a08e09e1093144bfa099c6a9d0b0f7008a09c06b9619
cq_b4702098ba7846dc,What types of sensitivities would you look at in a merger model? What variables would you look at?,technical,merger_models,ib,,,,,accepted,88a0433c7560c61ae758fdf299b04819aabb32e409629ca0aa57cb58447f60bb
cq_62d1a9031aed41cc,What’s the difference between Purchase Accounting and Pooling Accounting in an M&A deal?,technical,merger_models,ib,,,,hard,accepted,ca87d8ffc0c1c05e582be98c841ffa34a73000e0d10d14abda802f14aa82015c
cq_d6d959af4e604345,Walk me through a concrete example of how to calculate revenue synergies.,technical,merger_models,ib,,,,hard,accepted,bb6a631c336441d97731ccc3542e5f79eb3c5d20982b9ec14c108f7a0ee5e87a
cq_5e478a31fba944ae,Walk me through an example of how to calculate expense synergies.,technical,merger_models,ib,,,,hard,accepted,ee28077829956900716efbb880e677c0352d98f174959f91597926075ed16a05
cq_f814997556c44ee4,How do you take into account NOLs in an M&A deal?,technical,merger_models,ib,,,,hard,accepted,57cd647fc91301ebc26fcf4e8d05f775505543464ddfa6aac6ff8b5b4a6c264a
cq_459c8bd6a9514e7f,Why do deferred tax liabilities (DTLs) and deferred tax assets (DTAs) get created in M&A deals?,technical,accounting,ib,,,,hard,accepted,98a43455b6da6a3a1a3ae296056cc3778e6c1de1756866d3b1a0f40ba22f2c17
cq_b1d96f6d7e2b447a,How do DTLs and DTAs affect the Balance Sheet Adjustment in an M&A deal?,technical,accounting,ib,,,,hard,accepted,9d05084abb27bc7c4eb6890ffaff1e094b5bd39944dc375421d66b94aa925495
cq_e7e5c39b974642c2,Could you get DTLs or DTAs in an asset purchase?,technical,merger_models,ib,,,,hard,accepted,dabb8326acf66b8022909ac4d5993239b5ead2e43965b84d7685aa06359cfc27
cq_1375884d460a4728,How do you account for DTLs in forward projections in a merger model?,technical,merger_models,ib,,,,hard,accepted,849862c8cb2183b672a7f3542cf7c3c19f925c1a3f28f8372bedf4d517e2a195
cq_196bfece926c4771,Explain the complete formula for how to calculate Goodwill in an M&A deal.,technical,accounting,ib,,,,hard,accepted,459edbd39f3c4cb8f83c2d43aafa99414ac978c145edd87416742b14180bfa66
cq_10950b124a0648ad,Explain why we would write down the seller’s existing Deferred Tax Asset in an M&A deal.,technical,accounting,ib,,,,hard,accepted,2c5b8c868d1e4719892b9667f9dadd1313a640c069011a3e4b0c1718c082d4a5
cq_1fa7d3efefe8404e,What’s a Section 338(h)(10) election and why might a company want to use it in an M&A deal?,technical,merger_models,ib,,,,hard,accepted,45e6989562ab5ba609dda85603f1991a519de49d2494dec9249ab3da86a4e273
cq_4e50b872e9494d01,What is an exchange ratio and when would companies use it in an M&A deal?,technical,merger_models,ib,,,,hard,accepted,b90d603d9d754d2ea51573bbe48da26d714d0962dad9d313b9e13e6cf6487b96
cq_f98259b619824ecf,Walk me through the most important terms of a Purchase Agreement in an M&A deal.,technical,merger_models,ib,,,,hard,accepted,ec58cb5df3d8781c943376729598c6e0c6316b4f0382900a88d0a3a8ad196b3f
cq_9ad3a26cd88e4c75,What’s an Earnout and why would a buyer offer it to a seller in an M&A deal?,technical,merger_models,ib,,,,hard,accepted,d68c3fccadbd13ed967f9cdca94be1793a2be2241167b76d6791fbaae6ffdd6c
cq_6e69da8378cc46d0,How would an accretion / dilution model be different for a private seller?,technical,merger_models,ib,,,,hard,accepted,c22125859e776e5342a249612eb09a9fa35aa7339781650b9540dfe40d51c23d
cq_6fdef2ea7f6243a4,How would I calculate “break-even synergies” in an M&A deal and what does the number mean?,technical,merger_models,ib,,,,hard,accepted,c855cd76966f28963e59e9a486e3ba696ab2547885b08b843b03f159cf7df559
cq_23104860d1224e84,Normally in an accretion / dilution model you care most about combining both companies’ Income Statements. But let’s say I want to combine all 3 financial statements – how would I do this?,technical,accounting,ib,,,,hard,accepted,0adc123a3530f3145586ce605bb19f15efc070167433b003cb6fa58eec1f3933
cq_8c81e67f2b11471d,"How do you handle options, convertible debt, and other dilutive securities in a merger model?",technical,merger_models,ib,,,,hard,accepted,9f25a782e700c430777fd8edf18f8dd9a9f4a0389934cb5f8072adebc84d227c
cq_87154a13fcb64170,What are the main 3 transaction structures you could use to acquire another company?,technical,merger_models,ib,,,,hard,accepted,8db50cce4359b72809bd701f9903b7ee114751623d1e3cce8c86ffd8746eff91
cq_72e8ead8bc374bc4,Explain what a contribution analysis is and why we might look at it in a merger model.,technical,merger_models,ib,,,,hard,accepted,daf51909e4f2ab9ceea567441ce5d94012f6b18789035d6e7a90c390815ce4d0
cq_cd708c80b0d54d0b,"How do you account for transaction costs, financing fees, and miscellaneous expenses in a merger model?",technical,merger_models,ib,,,,hard,accepted,0f82bed295c3939bb0f5362df8f11d804913bba463ff9fd5a4b7c0661f59506a
cq_14a8c83d53a945d8,Why would you use leverage when buying a company?,technical,,ib,,,,,accepted,57d0c87ccb280f0b66fb6fc4f64defa466d587afc88b7e11d351dd6b07f611ca
cq_aff6fd944e474755,What variables impact an LBO model the most?,technical,lbo,pe,,core_pe_investing,,,accepted,e504ff0a7c7df22b311a2cb549af2fb3fcc185d2a5f76820a15b9f4192e77f40
cq_38a231fb832e4a61,How do you pick purchase multiples and exit multiples in an LBO model?,technical,lbo,pe,,core_pe_investing,,,accepted,038ff7b3defb2ffc9c27509155f3ec953fe88b36f60463abb19e8f36dcd7336c
cq_848e98a343c14dc3,What is an 'ideal' candidate for an LBO?,technical,lbo,pe,,core_pe_investing,,,accepted,f4f5eac88df3c46371532616f561eb5ca61be01d0381a330499927c4ed0a13d7
cq_5a0d575fc0c4498c,"How do you use an LBO model to value a company, and why do we sometimes say that it sets the 'floor valuation' for the company?",technical,lbo,pe,,core_pe_investing,,,accepted,8bbd3fe82e614e18a5992e1d8454aeb9ca06c86e76f6a50e653aee6cf62e9d52
cq_a61d97d82d294d52,Give an example of a 'real-life' LBO.,technical,lbo,pe,,core_pe_investing,,,accepted,4a58bfd80950244704ce651686bdc23265a4decc8bdf644bed3b7c21376feafd
cq_a7f1bde8d295493f,Can you explain how the Balance Sheet is adjusted in an LBO model?,technical,lbo,pe,,core_pe_investing,,,accepted,7da9c4d6279b73e6d74d74e45480259a0466134ad22474e5d1713aaf0c071c66
cq_bf5bf62eb14c4a85,Why are Goodwill & Other Intangibles created in an LBO?,technical,lbo,pe,,core_pe_investing,,,accepted,2f8b9d323e2e09175ad01af3b18e92044eeeac5c2eed57e78eba82717202a41e
cq_7ef604ebf0254239,"We saw that a strategic acquirer will usually prefer to pay for another company in cash – if that’s the case, why would a PE firm want to use debt in an LBO?",technical,lbo,pe,,core_pe_investing,,,accepted,d6e71a391d15ef84bcab72a76bdf7e3f7d16dac3b19a25173b09c4e3d5b5713f
cq_9779bfc619254462,Do you need to project all 3 statements in an LBO model? Are there any 'shortcuts?',technical,lbo,pe,,core_pe_investing,,,accepted,01b9ee9cc8d3f67d8b907aefc9bfe852c81cd4901dcde5433ca6d36d730c6ce5
cq_000970a3f9f745d2,How would you determine how much debt can be raised in an LBO and how many tranches there would be?,technical,lbo,pe,,core_pe_investing,,,accepted,6b14abf9f63770dbd7a503390a26ddd3c93c64b28dc0cf7e242d57a93db4badf
cq_7847cf7c3d4442d1,"Let’s say we’re analyzing how much debt a company can take on, and what the terms of the debt should be. What are reasonable leverage and coverage ratios?",technical,,ib,,,,,accepted,84f08983a38a19f2f84b119901f31fe29947f994eb61c55f0eb477d906788742
cq_f5e196d8c20142f3,What is the difference between bank debt and high-yield debt?,technical,,both,,,,,accepted,b47423dddda289088b73f459d17eb572b21ee734db242126c2be67f877211810
cq_d084e736ecfb49f8,Why would a PE firm prefer high-yield debt instead?,technical,credit,both,,,,,accepted,0b46ab2c04f978a54d8cdef6768e79fd3da7b990a70d0dfa738fb314c32750da
cq_7574e2ee51d2407f,Why might you use bank debt rather than high-yield debt in an LBO?,technical,lbo,pe,,core_pe_investing,,,accepted,54e67e5a79953db0fcd415807d4ea54f003ed0dff1c1134cfbf94e62dd1b0839
cq_1c79fbadc5a346ed,"Why would a private equity firm buy a company in a “risky” industry, such as technology?",technical,,pe,,core_pe_investing,,,accepted,a595fae2316e20ebbf5e190281262e07948070b11c2ac615dc947475409eea66
cq_95bbf5673ab7428d,How could a private equity firm boost its return in an LBO?,technical,lbo,pe,,core_pe_investing,,,accepted,3512fa93207bbb74f1da2f3949af09705cf80703879b9fa6fc2c5605b8e64517
cq_c8183b1f88294c25,What is meant by the “tax shield” in an LBO?,technical,lbo,pe,,core_pe_investing,,,accepted,7bb21bfadf53a546120117967f4f37634e1b047e47ba5b8bf9b6527f927cc430
cq_0fa258ed5a9040a5,What is a dividend recapitalization (“dividend recap”)?,technical,lbo,both,,,,,accepted,6c92920893f26c2ce3a044de8b1156a62c4301c25c8762204da2fc1392194483
cq_2d3a9f2c7c184c55,Why would a PE firm choose to do a dividend recap of one of its portfolio companies?,technical,lbo,both,,,,,accepted,90fa43f0a26cc766e61b7888d5ab4a4d57a97155d49f4e08605399a24e0c8126
cq_395837d575dc443d,How would a dividend recap impact the 3 financial statements in an LBO?,technical,lbo,pe,,core_pe_investing,,,accepted,9b7db5e5bce2890be013ee530b7c68dc4f9c5e5c993a170ba12387e7c8c2483c
cq_a2a93d7610494d4a,How would an asset write-up or write-down affect an LBO model? / Walk me through how you adjust the Balance Sheet in an LBO model.,technical,lbo,pe,,core_pe_investing,,hard,accepted,3c50a2378032d5427d38f9a742c76fa626f36c007de0f9df4e4a9098972863a5
cq_7c29d259b4004a54,Normally we care about the IRR for the equity investors in an LBO – the PE firm that buys the company – but how do we calculate the IRR for the debt investors?,technical,lbo,pe,,core_pe_investing,,hard,accepted,46ae1028f3103e1d5e11a8bdfbc27fea77ea7e7bc9b2b0c3c947a39d15b993cc
cq_6b9dd095581940c3,"Why might a private equity firm allot some of a company’s new equity in an LBO to a management option pool, and how would this affect the model?",technical,lbo,pe,,core_pe_investing,,hard,accepted,8b99376460ed5ed020b5134277d89b7fe20b782348019620c793978c387b1c03
cq_09502737b5ef4468,"Why you would you use PIK (Payment In Kind) debt rather than other types of debt, and how does it affect the debt schedules and the other statements?",technical,,both,,,,hard,accepted,fb969a9bd478080a9f414a439394f7efb2b2a2ad319fa91104f1da650d3b3080
cq_80505d5a574945e0,What are some examples of incurrence covenants? Maintenance covenants?,technical,,both,,,,hard,accepted,b5d83ea0f682bc81c3abbead05cd4d71bc2d8904f838efb8a18abe03430720ef
cq_3279968442654676,"Just like a normal M&A deal, you can structure an LBO either as a stock purchase or as an asset purchase. Can you also use Section 338(h)(10) election?",technical,lbo,pe,,core_pe_investing,,hard,accepted,c036b78265de2a1b53bdbafcaf95850196072047884c2eb37d22e90c7f960bfb
cq_0195ce6a368d4127,Walk me through how you calculate optional repayments on debt in an LBO model.,technical,lbo,pe,,core_pe_investing,,hard,accepted,87f138dbdee743e27a27d3197f2262ea305a34dcb880a1c2b6e2bac8e0b35958
cq_528ffdb15fa84ae6,Explain how a Revolver is used in an LBO model.,technical,lbo,pe,,core_pe_investing,,hard,accepted,c2961e79ce272a2cf5972e3b5ee9c1e6ec46c4834f1ec1605e1a40ccb8621010
cq_0e7fbe121f71483a,How would you adjust the Income Statement in an LBO model?,technical,lbo,pe,,core_pe_investing,,hard,accepted,c280c01cf7c25603a15c60b677f6cfdaa21c8d3d956d4923e9ad28860ef0e12e
cq_8eb0105103784087,"In an LBO model, is it possible for debt investors to get a higher return than the PE firm? What does it tell us about the company we’re modeling?",technical,lbo,pe,,core_pe_investing,,hard,accepted,471bb0aa3ec50b712e87d15c2e7f902e029bf15c467105d8a57b01b6c2a863ef
cq_1e567a8fcaa645a7,"Most of the time, increased leverage means an increased IRR. Explain how increasing the leverage could reduce the IRR.",technical,lbo,both,,,,hard,accepted,8ef9f1894b5db9599be5c743e5db0be735bf2a6f9855d191439b28cb94ff696e
cq_b67a588582a24ad2,"A car drives 60 miles at an average speed of 30 miles per hour. How fast should the driver drive to travel the same 60 miles in the same time period, but at an average of 60 miles per hour?",technical,brainteasers,ib,,,,,accepted,bb3c6f23c550f0579751595027325d86df21f9ef97f8068b407445606e03698e
cq_266683baf86249da,What is the angle formed by the hands of the clock when it is 1:45?,technical,brainteasers,ib,,,,,accepted,0f93d6ef3c3e4afed3653a37b7bd1d5232d1674b6da4169fa07bf63789d61eae
cq_c1619c6d3e8b46b4,"You have stacks of quarters, dimes, nickels and pennies (these represent $0.25, $0.10, $0.05 and $0.01, respectively, in the US monetary system for anyone international). There are an unlimited number of coins in each stack. You can take coins from a stack in any amount and in any order and place them in your hand. What is the greatest dollar value in coins you can have in your hands without being able to make change for a dollar?",technical,brainteasers,ib,,,,,accepted,082e59dac0f12b0fed042d0202e19c35c4a054cc4779e7599783f5874e3fb175
cq_a99f130f70524c88,You have a hose along with a 3 liter bucket and a 5 liter bucket. How do you get exactly 4 liters of water?,technical,brainteasers,ib,,,,,accepted,704ae85f4840a05f7c9773abab135e8d08281a5f2e7bf5dcab054f443ac199de
cq_43a891c9f2e240ec,I see you’ve done mostly journalism and research internships before. Can you discuss your quantitative skills?,technical,behavioral,ib,,,,,accepted,d606e911533a68363b09b2ff5dc465e77b6256cf0761f88d68f9791c277f41ed
cq_77bceebbe0ab4f6f,"In your last internship, you analyzed portfolios and recommended investments to clients. Can you walk me through your thought process for analyzing the returns of a client portfolio?",technical,,ib,,,,,accepted,b7ebacfc97cd996834bf6ea02c746635bfb241da8e1020ccce9a59fcecb49e13
cq_24fbed51931e4226,Can you tell me about the process you used to analyze space requirements for the building designs you worked on this past summer?,technical,,ib,,,,,accepted,aa256289a46a3a05a5759615d12a0b5269733cbf94af308fc7dacbcca4e943cd
cq_21660842a6174551,You’ve been working as a lawyer for the past 3 years – what initiative have you taken on your own to learn more about finance?,technical,behavioral,ib,,,,,accepted,f5f868a7cc3b11fdda5583a0b47a9e9e1e44904a88b13e26488d50a7ecfb2cc4
cq_575d9c4a37cc4ad5,You were an English major – how do you know you can handle the quantitative rigor required in investment banking?,technical,behavioral,ib,,,,,accepted,cc6a3102f47d6bd4a42fb84e1a089b39990530644bd1fbacec3a12ec9c8aff19
cq_238fafacc33a49d4,Can you tell me about a time when you submitted a report or project with misspellings or grammatical mistakes?,technical,behavioral,ib,,,,,accepted,999703ba34891484e122088748ed9c48948295edc9d9176f4f1deaa55ceedb6e
cq_002e65e159854f63,What’s the most number of classes you ever took at once and how well did you do in each of them?,technical,behavioral,ib,,,,,accepted,6231616cb5bc9ad32850dece41f8f43223b89856032c3dcf22484b6c330c711b
cq_ae3fb1f32ccf4a50,How well can you multi-task?,technical,behavioral,ib,,,,,accepted,3caa89f20c9e0b4c428b2b941879ed2b0ae0835a68ed93d7b84eed3d97a53c65
cq_1940f089d0414fcf,Have you ever worked on a project or report that was shown to a large number of people?,technical,behavioral,ib,,,,,accepted,5726e31f0c6f14d088ec9bdabcbc109199792c6ebb217b4e5b8920371e7dc0bf
cq_4d04b2da084c4d39,Why did you attend [Your University / Business School]? I’m sure you had many options. / Why did you transfer to [University Name]?,technical,behavioral,ib,,,,,accepted,0c7e11605526fee84859ed21d332de55b8b81c04ae783e78ed0134935f5ff74e
cq_f4e31478bfa64be7,I noticed you studied abroad in [Location]. Can you tell me about that experience and why you went there?,technical,behavioral,ib,,,,,accepted,60a3b5f9d4df4c090db3b8c3deba186a787a956dd44b714a44c02a6b7641c544
cq_dc505b4c3b7f4a48,Where else did you apply for school? Did you get in anywhere else?,technical,behavioral,ib,,,,,accepted,066920153d214df3611648cb5661e506c987d7b51e3f38a3d5676925b195e599
cq_34f0a586b297496e,I see you wrote here that you’re fluent in [Language]. Can you tell me about your most recent internship in [Language]?,technical,behavioral,ib,,,,,accepted,a749c5d2630f208ad416bc801d8b7e927a3dcf31e7011e7c617f160c56277c16
cq_ae0cf62df41646df,What do you do for fun?,technical,behavioral,ib,,,,,accepted,6bdd8cb7a6586a775912767f935756f93a0b34ff62d28a7217db60b21468b036
cq_588800b16fce4509,What was your favorite class in college / business school?,technical,behavioral,ib,,,,,accepted,b13b56998480beffa125755284097b5bb4e37133c79f73ac4ae3615b41c049ad
cq_884716f4939a42e2,What are your favorite movies / books?,technical,behavioral,ib,,,,,accepted,58e14a7499832f67d9ab2a0a3db778a43158b7d0f9ce372ae5a30359c7a0de29
cq_e50f81851ec349ec,Tell me something interesting about you that’s not listed on your resume.,technical,behavioral,ib,,,,,accepted,01ec78a019210cdd8173a6c930aeccf9ea92bee255c96df49dc2c4029cf81937
cq_8aabf07e629346d2,You’ve had tons of engineering experience and you’ve worked at many tech companies. Why do you want to be an investment banker now?,technical,behavioral,ib,,,,,accepted,83b573eb835b4e3ae20892fec7e7be6d05e145161840103756759e2ff8a5c074
cq_4e6d847a622c480e,You’ve done Big 4 accounting for the past year – why would you want a job that’s a lot more stressful with twice the hours?,technical,behavioral,ib,,,,,accepted,50927f02d4fa9d009bdc4bbf08fa43497d3d05f7aaff0f44a97a63c714806e1f
cq_51386b3330ee44c5,"I see you’ve practiced law at Wilson Sonsini for the past 4 years – if you’ve been there that long, you’re probably on Partner-track by now. Why would you want to leave a lucrative career in law and go back to being an entry-level Associate in banking?",technical,behavioral,ib,,,,,accepted,2d557b1de11f970f645105fd6fbbf4fe7919ad2af1887a80eacb887e69187755
cq_1c4a3e51b5224a8a,I see you worked at McKinsey one summer and then went to Citi investment banking the next year. Are you sure you want to do investment banking?,technical,behavioral,ib,,,,,accepted,4a2d4baded3213eedce77e066b8ab5bfb71b9cfc07ab858be66bc71560c6fa2e
cq_9f694066db4c4a22,"Wow. I must be honest, I rarely see people who have accomplished as much as you have at your age. You sold your own company for over $1 million within 2 years of starting it, and became a leading real estate investor in Asia at the same time. Why would you ever want to work for other people in banking if you’ve been so successful on your own?",technical,behavioral,ib,,,,,accepted,0df02bd0ce15c2d45376e0a7a9ca10d803d6fecdb6bf0f760c0ba2c8f0a2fd9c
cq_97c13ea5d0644599,Where else are you interviewing? Is it just banking? Consulting? Other companies?,technical,behavioral,ib,,,,,accepted,3754f681b18b23722079041b2f5f18828a3838b6596bf7fa7d62e437472a8227
cq_5a5eaeda968d47f3,Are you mostly interviewing at larger banks like us? What kinds of options within banking are you considering?,technical,behavioral,ib,,,,,accepted,8ca8ff19ac6d7de91e194eac764ef185927cfebb90a5a13c8131adea65dda3d4
cq_403f6a62ae054033,"Before you entered business school, I see you switched jobs about once a year. How do I know that you’re here to stay for the long-term?",technical,behavioral,ib,,,,,accepted,5511ec22366ad4f757cb831930dfcfd73c7fdfb22d9f7a2d09ba94588f7128ad
cq_eef790f3cb184a10,"Recently some Analysts and Associates have left “early” and jumped to hedge funds or private equity. If the opportunity comes up, why would you stay here instead?",technical,behavioral,ib,,not_pe,,,accepted,128797e95e0c8e1e5f45437948f27d28584e8ebc6cfadeab53a0a233581d0a02
cq_bcaa82a9f9f14932,If I gave you an offer right now on the spot would you take it?,technical,behavioral,ib,,,,,accepted,cf26d83c3f0f93ae28e92c459df5f773bccb2569dfd92a5428a226e25978f6fd
cq_9be6f92a93d9456d,Let’s say that we were to give you an offer – how long would you need to decide whether or not to accept it?,technical,behavioral,ib,,,,,accepted,2aa0b42708c52a84239119cb4ddf4072d1ab5e413adb62f6b5002033ba433382
cq_40b1ddb7daa74f0c,"Since you worked at Bank of America this past year, you probably have the chance to go to a lot of different large banks – why are you interested in us specifically?",technical,behavioral,ib,,,,,accepted,8f8ac5f2b64b52950e2fa925c03256b4e447b590980e714945634ef0ca37aa81
cq_f344688c9ed84c64,"When you were working at that boutique this past summer, you mentioned how you liked the smaller team and more hands-on environment. Why not just go back there? Why do you want to move to a large bank?",technical,behavioral,ib,,,,,accepted,2f2ece7ad7ef8b3a4485ac9fe64a7b3036fa4efb1cfdf35bb42920959c1de489
cq_16711e138ef74362,"Why are you interested in our M&A division rather than our industry groups? Our Tech, Healthcare and Energy teams have been really successful this year.",technical,,ib,,,,,accepted,6448399935eec2fd8900c32e4515484cb5455dce7496a8695e8a0cee87720dc5
cq_215d5895b81d45b5,Why do you want to work in Capital Markets? There’s hardly any market activity these days.,technical,behavioral,ib,,,,,accepted,e4f1631b19495625d9eb12cca31fe2a2fcbc8845c27df52100fd04838a83977c
cq_e53f2852ce5f44d4,What do you think our bank’s greatest weaknesses are?,technical,behavioral,ib,,,,,accepted,16cf5a40054f2f63bfa5ef20370643d71470882658484d714c35c007e7aca26c
cq_4b80e96097924476,Which of our competitors do you admire the most?,technical,behavioral,ib,,,,,accepted,248af2fa4cb15f76c5215100bb14ec35607b449c5580dd9538a1b03bd9d23aee
cq_a5a49c9505524f3c,I realize it’s still early in your career – you haven’t even graduated yet – but have you given any thought to your long-term plans? Do you think you’ll stick with investment banking?,technical,behavioral,ib,,,,,accepted,a15e87b003bcfff9b5501a389d11ced4d1aa95eadbbd29ff4940785c48567790
cq_b216d116af0044a3,"You’ve had quite diverse experience prior to business school. After you complete your degree, where do you think you’ll be going in the long-term?",technical,behavioral,ib,,,,,accepted,0d1691b8c4caa9dd8c33ebc14cf15b4a21c40a435962adab8bffe2d52630ba8a
cq_5b7ddd40a0de43d2,What is your career goal?,technical,behavioral,ib,,,,,accepted,90a953b687efcfdac26b1492f7ab4f3482dfb91df097a4fdeee29a1696886fd0
cq_ae25547b4cef403f,"Looking into the future 10 years, do you think you’ll still be an investment banker?",technical,behavioral,ib,,,,,accepted,4df5b9166b67b5c56e998245bde92f56d13d17f68a1c5422fffd92ace7f31bca
cq_422554db469c4906,"In your internship this past summer, what feedback did you receive?",technical,behavioral,ib,,,,,accepted,e7da9fe4a90a4ae1a03dd7c1a5438241b500a16c1ee3439db4a0a8e54d47ef0c
cq_8d29c9df65c8477a,What were a few areas that your team said you should try to improve upon?,technical,behavioral,ib,,,,,accepted,7fe685848b534905a4c586625c0d79c0393e090542f477cdc94747999fc472bf
cq_06bea13b6b494b9f,Did you get an offer to return to where you worked last summer?,technical,,ib,,,,,accepted,ccf3bd091a69e5f8c6d70f71cd7f8be49fe9eec962880fc6d1f22d70c61fb29c
cq_8e76aa5f635c4c75,"After going through the accounting program at PricewaterhouseCoopers for the past year, what sort of end-of-year review did you get?",technical,behavioral,ib,,,,,accepted,2eab154ebb36828245414455fc67c52fea5b47d404b64af8d437d667ef618d88
cq_6154b85588924898,Let’s imagine that your best friend is describing you in 3 words – which words would he/she use and why?,technical,behavioral,ib,,,,,accepted,b85e0bbea1b715337a7d39190a1b06c67de03c8d2b37cf4c8be02f851827c690
cq_b85042143cef423c,Imagine that I’m speaking to someone with whom you have not gotten along in the past – what would he/she say about you?,technical,behavioral,ib,,,,,accepted,b8bbab9ad3e6532cdfbfb386543d705c8b53fc01bcc798c1063eb33aa365f28c
cq_f7a7f5fbdc04425e,Why would we decide not to give you an offer today?,technical,behavioral,ib,,,,,accepted,ade47d81d686b54d026175d8a32b60c78396d43b3f41b94d3cdb3ce0552b6adf
cq_41552d7f7ee6448c,Tell me why we should hire you in 3 sentences.,technical,behavioral,ib,,,,,accepted,182a338cbb3de43bc3298564ab724c11a547f8e8f8b0332805206abea98767bc
cq_aa0f609db1a04779,What was your greatest failure?,technical,behavioral,ib,,,,,accepted,0d6a0ffd8f8c5cfd6dcb992f8dfb474e7337a3dc67bb0dbe24b62811c53ab20c
cq_b6598139b7924d8c,Can you talk about a team project or some kind of group activity you’ve worked on before?,technical,behavioral,ib,,,,,accepted,3bdb8bba5ce5dd0f44efa7ff4a2f67b77ee04d102079be230515bd1ddb68336c
cq_0accdf28b5a443fd,Can you describe a situation where a team did not work as intended? Whose fault was it?,technical,behavioral,ib,,,,,accepted,76104cbfe9cb2dd9b0983bc75024134429800371136aa3f716ebd7c1b7653df2
cq_a167bc0c121a49b6,Can you discuss an ethical challenge you were confronted with and how you responded?,technical,behavioral,ib,,,,,accepted,7b15a2b150cfe9f71d57b185d243a1760a31a54750936ff8ef241315596bc4f6
cq_d6ce457685774cf1,What was the most difficult situation you faced as a leader and how did you respond?,technical,behavioral,ib,,,,,accepted,20455deea0067a1676aafa5754935146cd0d1024905ef0943b820ea7b02ed189
cq_a54ab156325e4c49,Can you discuss a time where you had to sacrifice your time for the sake of a team project?,technical,behavioral,ib,,,,,accepted,b22269b2a0b9bbfb7e30e374e4c6b24cc9582292ef2fbfc613abff2f5c4b7a04
cq_2bce48a824924c5f,Do you work better as a leader or a follower?,technical,behavioral,ib,,,,,accepted,c8a3dc3e64ef5df009a9ad2d92d78cc21eb78cb417c3810f0d5265cb4e3e64b8
cq_c809c345c21c47df,What is your leadership style?,technical,behavioral,ib,,,,,accepted,3f66e0822da40f6b25689e62a82490a3cd8211cab93abb94f38f14a13d5e8182
cq_dc41d301e7e6486d,Does the leader make the team?,technical,behavioral,ib,,,,,accepted,d52ffe6da87193e0dd1c0848b70f45541d7ef8aee4db8b22f4800ce579948599
cq_f12a05458b2a4e0b,"Walk me through how $10 of depreciation flows through the three financial statements, assuming a 25% tax rate.",technical,accounting,ib,,,,easy,accepted,9d9ae98cc02453ca783a400591a7ad2f8ffa9d2a4515680a4c99feb692db16ec
cq_ecde485624a840eb,"A company buys $100 of inventory with cash in Q1, then sells it for $150 cash in Q2. Walk through both quarters.",technical,working_capital,ib,,,,medium,accepted,0de3614c7141eda33c936e47564250f9755b011b9797831a11f7f29dd23ca61a
cq_f19ef9bf53304647,"Where does stock-based compensation show up on the three statements, and how does it affect valuation?",technical,,ib,,,,medium,accepted,4d129fe5b60d334085f8198215b93326e77741a3bb4a9ec484e7f9927fda649f
cq_cf0c497b90d54299,How does a $20 increase in deferred revenue affect the three statements?,technical,accounting,ib,,,,medium,accepted,c600137cfa28542af50794771dcef1078ace76228bf2312dd8311f29a3579c0a
cq_66d629bc5c064957,A company writes down $50 of goodwill. Walk through the statements and explain what it signals.,technical,accounting,ib,,,,hard,accepted,e8cef83331dc736535e22e98797a1a5d4529220324d3b2edd97f01fa4c8d5e91
cq_5a16226fad3a49dd,"Under LIFO in an inflationary environment, how do inventory accounting choices distort comparisons between two otherwise identical companies?",technical,working_capital,ib,,,,hard,accepted,f6b52a986c693a8b1fa69e962830d028a8174307c367b0c722009e67949dead6
cq_6dc940852cdf4d56,A company reports positive and growing net income but persistently negative operating cash flow. Diagnose what could be happening.,technical,accounting,ib,,,,hard,accepted,d57723097335f84df67dcc4e32dbe5b22d97e78beb4c8fd4091d5f3a0df69f70
cq_f716dc4823f34263,"In an acquisition, when do deferred tax liabilities get created, and why do they matter for the model?",technical,accounting,ib,,,,hard,accepted,bf2957054f7f418c84eb2ff91842dc21be2a22a1826a416d9ee9eef0243488b0
cq_16946646d74d4efc,Why do you subtract cash and add debt when moving from Equity Value to Enterprise Value?,technical,enterprise_value,ib,,,,easy,accepted,6689f774a9510d2a08c0b3ead70adaf69a6812c6dc56757512c52be2ed9a416c
cq_47a13c5fa47d4272,A company issues $200 of new debt and holds the proceeds as cash. What happens to Enterprise Value and Equity Value?,technical,enterprise_value,ib,,,,medium,accepted,72f4193c96afbeb475017cd0491b158b24c321d9a524012dd16c72235e495224
cq_c4ea125991dc4975,How does the treasury stock method work for calculating fully diluted shares?,technical,enterprise_value,ib,,,,medium,accepted,b000c8b6e0136a9191470b7141eef52178ff557e43d0717998073cafb0096165
cq_6d3def548a7f4b38,"Why is minority interest added to Enterprise Value, and how does that keep multiples consistent?",technical,valuation,ib,,,,hard,accepted,e21520c6550fba8b75a09bef6863427b79251f2cd7ba04b8885064f6ebd0b536
cq_5017daf3a5ca46b4,"Which multiples pair with Enterprise Value versus Equity Value, and why does mixing them break the analysis?",technical,valuation,ib,,,,hard,accepted,97d59f28ffc00b36261c4235d6fd8c44802daabea653f349954c6a57fc8f8242
cq_084fb1f6479a4b28,"How do you treat operating leases, pension deficits, and NOLs when building the EV-to-Equity bridge?",technical,enterprise_value,ib,,,,hard,accepted,dc7301efe8f7a0f9dbc06afc4ace884ce4e239e0a88d658cf5ee59469fa2ffed
cq_9472055101c34479,"What are the three main valuation methodologies, and how do they typically rank from highest to lowest?",technical,valuation,ib,,,,easy,accepted,bffcb65e5cdd052f3afe06f87d52b5dd1d78af8e8c18506a6d839844318c4882
cq_04d3336e757b4c09,"How do you calculate WACC, and why do you unlever and relever beta?",technical,valuation,ib,,,,medium,accepted,4c595fd22621ec3d3a1c5d4a04261962c88725454ddf15eb4bd1b85738b8b9b0
cq_3436925543da4a41,"When is a DCF the wrong tool, or at least an unreliable one?",technical,valuation,ib,,,,medium,accepted,49b2992bf590d2aa692aa742e5543672c51afc19375069230308c007674bfdc9
cq_a13c8d856a464a77,"What is the mid-year convention, and why does it raise the DCF value?",technical,valuation,ib,,,,hard,accepted,e24fec5fb7b2091427cc0cc4b49d4c609c2308468189e6bc8d697086ae54c1c9
cq_afa4d293f1af4980,How would you estimate the discount rate for a private company with no traded peers of similar size?,technical,valuation,ib,,,,hard,accepted,f8d7219237ab2035246747633b1e1d5b43763babe5cf84b2c2ff117c07588bf7
cq_caf5a47cdde04778,"How do you run a sum-of-the-parts valuation, and when does a conglomerate discount apply?",technical,valuation,ib,,,,hard,accepted,746a177cbee3c4425910817df4ebfa267a6ef3b105b65e041412ecc8d27df640
cq_b0ed4eeaba614b8b,How do you value a high-growth company with negative free cash flow for the next five years?,technical,valuation,ib,,,,hard,accepted,61adca619fdd4cd804b19d57f46e67058a4983e687263d8e06ca854a0b18983a
cq_46a39b01251046be,What does it mean for a deal to be accretive or dilutive?,technical,merger_models,ib,,,,easy,accepted,ebb64b6ceadc5e1749c1c3465b46149a8e006bcdf82586a060c5b99d453122bb
cq_76069fa774d24ef6,"In an all-stock deal, what's the quick rule for whether the deal is accretive?",technical,merger_models,ib,,,,easy,accepted,adf98f6b25cbd266960e90f99dd28cb71fc82b6cc3a049afe7cff6b3c8a3d27c
cq_f45161874f3947f0,Walk me through a merger model at a high level.,technical,merger_models,ib,,,,medium,accepted,36021470652e83dbfb42b3b82d45a193ac274d2945710483eeebbe683f10cb17
cq_28aee31e189f4982,"Rank cash, debt, and stock as acquisition currencies from cheapest to most expensive, and explain why.",technical,merger_models,ib,,,,medium,accepted,d263404b93786d5b674ee8f648f066db2cfac169c69f0e51572e7db95ec4ce8f
cq_e22e28f4cd2642c2,How do you calculate breakeven synergies for a dilutive deal?,technical,merger_models,ib,,,,medium,accepted,f144454024d6dc800d9509db1bfe163d8f3db6fa29dad771abb6eab7355897d6
cq_480b08d384c84b82,Walk through purchase price allocation: where does goodwill come from?,technical,accounting,ib,,,,hard,accepted,770cef30984a31124633524b717dfa0588021c09373830231512242c209af414
cq_442404194c834072,Why doesn't EPS accretion mean a deal creates value? Give a concrete failure case.,technical,merger_models,ib,,,,hard,accepted,584cf379ab2f11948a32cf9ae5eea09c363c7624810c0ef695523a1a37183cf9
cq_62821424143243db,"In a stock deal, what's the difference between a fixed exchange ratio and a fixed value structure, and how do collars work?",technical,merger_models,ib,,,,hard,accepted,31be1bca768c4b5dadcb1556cd83f1eff78f4f4e09e82ac3a0e01e5689e4b917
cq_e7a95d10b400440c,"In a merger of equals, what does contribution analysis tell you that accretion/dilution doesn't?",technical,merger_models,ib,,,,hard,accepted,ea5981411a8dd7f7a84a9a2d0b59ceaa2b7f499549f63a66a9de9b9482634be2
cq_f75f4ca2412a45bc,"What is an LBO, and why does leverage amplify equity returns?",technical,lbo,pe,,core_pe_investing,,easy,accepted,16b843ba9ad6934e4ad3dd6ffc4c3dd658366c1b2848de8cdca75497d42dc46f
cq_e6c2dab85ec64b0d,What makes a company a good LBO candidate?,technical,lbo,pe,,core_pe_investing,,easy,accepted,3594f50a893c6145e3d4cfbfba3907a0a54906154c310f242f6ab515dfef109a
cq_90a9210d6c464579,Why does an LBO analysis set a valuation floor in a sale process?,technical,lbo,pe,,core_pe_investing,,medium,accepted,d1b7eb022902e52f91aec4e9aea648994517624d4ab0ae5a185febe70f32aa1a
cq_3c72153afbc946b3,Describe the typical debt tranches in an LBO financing package.,technical,lbo,pe,,core_pe_investing,,hard,accepted,729257e6387a45a5d93fdfa155d0c62eafccc8c4adf53f1183d6cc42a3e16cfa
cq_a0c3b602d5d64e68,"Quick paper LBO: buy at 8x on $100M of EBITDA with 5x leverage. EBITDA grows to $120M by year 5, exit at 8x, and $200M of debt is repaid. What's the MOIC and rough IRR?",technical,lbo,pe,,core_pe_investing,,hard,accepted,441dcad1498448ad3c28699fe4dac7394f97f3fd4c0440034478318f7c355b3e
cq_bcc44d0c7f0342fc,"What is staple financing, and what conflicts does it create for the sell-side bank?",technical,,both,,,,hard,accepted,ad566a3dbe131d4fc0d4c1304541e61b3eba2bcfef8eb4078a07909833b4ac57
cq_8c0197e36de84db2,Walk me through a sell-side auction process from pitch to close.,technical,merger_models,ib,,,,easy,accepted,aaa5a1931d3a2b06594dec1c534d93d730e1aee7136cc492496377f60ad5ed5b
cq_0fdb1c6e92444c09,"Strategic versus financial buyers: who typically pays more, and why?",technical,,both,,,,easy,accepted,3a252d8427def1e023f3cc991ff2e8060470d6806eb6d43361d11a3b7e4c8f3a
cq_29c9322df89f45d8,"What is a fairness opinion, and what does it actually say?",technical,merger_models,ib,,,,medium,accepted,30306ab90c5047fccb3359fd59fa18b12504829a8539d07dc3ad7a7d52ef057c
cq_48b8801e6a6044bb,The buyer and seller are $100M apart on price and neither will move. What structures can bridge the gap?,technical,merger_models,ib,,,,medium,accepted,fe0976350fc494f9cbce28ffe31460115895aff3c0fd3e2f8ff88d2709dea637
cq_8fd6dec9ccc248d7,"How does a poison pill work, and what is it actually for?",technical,merger_models,ib,,,,hard,accepted,681954baf1efbf77a2cbd4d46a61cd36bfd89dbc91860a9723d7dded4c32c7b5
cq_39e45ee94e2f4300,"What deal protections does a buyer negotiate between signing and closing, and what do MAC clauses actually cover?",technical,merger_models,ib,,,,hard,accepted,b38f8e022256fe4ab89aa7efec63609241d41abc40550b239c91644335e67f72
cq_f1b3494c56dd40c8,A controlling shareholder wants to buy out the minority. What process protections make the deal defensible?,technical,merger_models,ib,,,,hard,accepted,f7295f252390b4c5f2e3a870c22823325163668938f2f60dd07b8048f119385e
cq_43910e6adf36439c,Your client's board receives an unsolicited offer at a 35% premium. How do you frame the board's options?,technical,,ib,,,,hard,accepted,692851512b412f3ae84ac6b211d765a80c36fbbd933cd943b15b9ee8ac6ef2ee
cq_8dc827047a914e8f,Walk me through the IPO process from kickoff to first trade.,technical,capital_structure,ib,,,,easy,accepted,a9b491c87a03d2e27016e1fe479da757ab65f36966dfca653fbd6ecbb45fe574
cq_b64f42b204b24ebc,What's the difference between primary and secondary shares in an offering?,technical,capital_structure,ib,,,,easy,accepted,3ec18a2adf1a7834a205f3ba7b10cb7aa6823a3b6a923488e32365fc709e2053
cq_19d04ba39a864240,"How does bookbuilding work, and why are IPOs deliberately priced at a discount?",technical,capital_structure,ib,,,,medium,accepted,90195ed2c2ed73746b78b8e7252c298c454d91a26ee437ef5e60f8ab495a11ba
cq_a710c63e4e344f83,Explain the greenshoe and how it stabilizes an offering.,technical,capital_structure,ib,,,,medium,accepted,f7046f8d45e13a0486499f748ddce9cba08358fd26b252098a4d45237fb5f615
cq_ccc112caf81a462f,Why would a company issue a convertible bond instead of straight debt or equity?,technical,,both,,,,hard,accepted,9373bf9b1c0593a221718777dc4bad96aa82b6346332d8e7b1ee4805724af2ac
cq_2ebcbdebfa0c4366,"What is a block trade, and what risk does the bank take in a bought deal?",technical,capital_structure,ib,,,,hard,accepted,7df569efd7e69a257af95e4890b0caca5887e6b31ba4257508347e347aec573b
cq_f126dd2ad5bc44fa,"Compare a traditional IPO, a direct listing, and a SPAC merger as paths to going public.",technical,,ib,,,,hard,accepted,700bf708c334a32e8940b2cf6ada4073112cc772695a80145b8ff34005a23def
cq_f999424a728d4551,The IPO window has been shut for two quarters and your client needs capital within a year. What do you advise?,technical,capital_structure,ib,,,,hard,accepted,a8ddf30784423e657901ecd610313f75588979737d7a7e7b4a9475672be7eb70
cq_99a2bb2101334835,What separates investment-grade from high-yield debt?,technical,,ib,,,,easy,accepted,bdad360c6a7c5e132af8f44e876c26e2110061d19fbfe0cf9c8ffe05104af8d6
cq_b8d612b3f1174cc4,"Why do bond prices fall when interest rates rise, and what does duration measure?",technical,credit,both,,,,easy,accepted,9e3d028dd4aec218defd702338e3ad2eb9b5e9b6cdd991e736608e75ae4c9724
cq_f43b13706a8d4917,"What drives credit spreads, and why do they widen in downturns even for companies whose fundamentals haven't changed?",technical,credit,both,,,,medium,accepted,a25089181f45ec104f985b0bb6643290f4c41d1452c3d97968dfae87aeeb85b9
cq_16c4bac0b4d64c5b,Compare a Term Loan B with a high-yield bond as financing instruments.,technical,credit,both,,,,medium,accepted,b665e03ccbcaa96795ee50bbd4af8f9ea5b30669c8f3ee6a218e2277ddc084dd
cq_70607bdcedee4ff3,What credit ratios do you check first when assessing a leveraged issuer?,technical,credit,both,,,,medium,accepted,42c27348a53dee2824eb289e30e07a45044ca7c53ec4326ee83e9db1d7631fd2
cq_cf6849820f8145ef,Maintenance versus incurrence covenants - and what does covenant-lite actually change?,technical,credit,both,,,,hard,accepted,1f7a62b151a31a3a0f58287dcdda19903a27713b74608c0149c1e4689cfa3d59
cq_d450a15194714eea,What are committed financing and flex provisions in an acquisition financing?,technical,,both,,,,hard,accepted,5e0bd1cd7848d1f6b2f9f0566b67fea5f8f772ab6f288103b4c88927b6afb201
cq_e8d8a27c33784400,"Explain original issue discount, call schedules, and make-whole provisions in a high-yield deal.",technical,credit,both,,,,hard,accepted,9b95d4367e3abdf854bd20a70cb65558e94f1e6c95a8190a0732c51340c5c1ef
cq_22cd3bc729134285,Your client signs an acquisition and the high-yield market shuts before syndication. Walk through what happens to the bridge.,technical,,both,,,,hard,accepted,06370d016a98f41275c6148d0e434d7a8b5f1dc11717e98218d1c19418a9a964
cq_2c36063d416e405d,Why is debt cheaper than equity?,technical,capital_structure,ib,,,,easy,accepted,5695748c048fd1c148394b7bde724bf61154d75fbe6d9100222d2cf7d1173b8b
cq_67012a2cfaf346a0,What determines a company's optimal capital structure?,technical,capital_structure,ib,,,,easy,accepted,a48f47812241de06efc3bdf6c954f458907e1dfd3115f0c26994378c7116d36a
cq_5e40c5cc2e6342af,A CFO asks whether to fund an acquisition with debt or equity. How do you structure the recommendation?,technical,,ib,,,,medium,accepted,6e3132b718d32de1de58ed36a37c6f6cfbb1ef39565ecddaa2072da993d050fb
cq_111a2162284c4d95,Buybacks versus dividends - how should a company think about returning capital?,technical,capital_structure,ib,,,,medium,accepted,47fa99978824c1e119848bc3e50fbfde1fdc2b6fb18b07f4d4bf2222e19ca797
cq_1b70b143206041c3,"How does WACC behave as leverage increases, and why does it eventually rise?",technical,,ib,,,,hard,accepted,af9cd5e231c671fbfeeabceaa47c7dde219ebb81800342d28dac3da25032aee9
cq_91fc98ce6e664355,"Why do companies fight to keep an investment-grade rating, and what does losing it cost?",technical,,ib,,,,hard,accepted,ff40c7278af6725b16fe2dd49e01d465dde88a69fe69830cd4f7f1c7074f3577
cq_785ce401ed804444,"Where do preferred stock and hybrids sit in the structure, and why do issuers use them?",technical,,ib,,,,hard,accepted,f16bca9dbf9cf990755b8f5b70a497c803d30a2730374be9e2941a52018cff20
cq_26c4812a09814877,A sponsor asks you to evaluate a dividend recapitalization for a portfolio company. What's the analysis?,technical,,ib,,,,hard,accepted,9bb8371a412b6f2fe6f3057676ffc5b0f59924e23a8b033953703c01abbc9222
cq_1c573b2e5cac45c2,"What actually moves interest rates, and what tools does the Fed use?",technical,markets,ib,,,,easy,accepted,71d2a6a3cef1c3c417d8bb4c55593601f0c23cc6e55fa29a566806330d3368b3
cq_fdb11c1d02e64dce,What do the different yield curve shapes mean?,technical,markets,ib,,,,easy,accepted,8b8b79fe3f996b1a180013b58f87d8a475e4d3ebf7a88c69900f178c541a342f
cq_7a24d12e4c0842e5,"If I ask you 'where's the market today,' what should you be able to tell me?",technical,markets,ib,,,,medium,accepted,d5bde4814da378b78fa6f10224dc3822e853ebc958e84fb9d81f657c21711262
cq_50931821d2fb4c68,How does inflation affect equity valuations?,technical,markets,ib,,,,medium,accepted,f230ceb0e4ea2ac596e109a92938415574ae7c47ab05e199931bf65af12db193
cq_830429c5e4774197,The Fed hikes rates by 200 basis points over a year. What happens to DCF valuations and M&A activity?,technical,,ib,,,,hard,accepted,a969ffc59a4fae44bae12162297edfca7dda399283d33fd307e9b1472fd89ad6
cq_1d91facb47f842d4,What FX considerations arise in a cross-border acquisition?,technical,,ib,,,,hard,accepted,9a1912ccf55878220c5ffbefa52d116c40f4906ea9c21d86e69c76ce6a56e9c3
cq_56900384b8494905,"How would you estimate the equity risk premium, and why do estimates disagree so much?",technical,,ib,,,,hard,accepted,6a8535348ad9ae665815e385266953be5b36a7dacf09384643dce2af49915e2e
cq_018b5dc837e541ad,"How does macro volatility change issuance windows, and how do bankers advise clients around them?",technical,markets,ib,,,,hard,accepted,2539991215c27b98821f55a59864959699f153f5e852306fa331c76a51cf9df5
cq_02850f4f3b334148,Explain the absolute priority rule and the recovery waterfall.,technical,restructuring,ib,,,,easy,accepted,93a1c919e4dab5f47f13208aef5add9dbe63821e4faece0c8ed400692696c824
cq_5722c6555ed64ca6,"What is the fulcrum security, and why does everyone in a restructuring care where it sits?",technical,restructuring,ib,,,,medium,accepted,201f2d4e9f5b93500958a682cd5e66336a2fe5e320ce0b2d6f4e759da6abda2f
cq_9d93eba7e5d34cd7,Compare an out-of-court restructuring with a Chapter 11 filing. When does each win?,technical,restructuring,ib,,,,medium,accepted,fe27ac5ea5db13f8dd1a973409594580838369143311d6f35e337216024e6037
cq_c5abd1766cbc4ee9,"What is DIP financing, and why would anyone lend to a bankrupt company?",technical,restructuring,ib,,,,hard,accepted,902097df655d0f0d0ac3da84f49a8dda468a8d07afc6b1e14ad34f687c493d21
cq_36b06d125c744dc5,Why is valuation the central fight in a contested restructuring?,technical,valuation,ib,,,,hard,accepted,6a8db90ad88ac75b213abbe8b6180a6e254acdefab9cd5199c3f39aab6a0e244
cq_edd956604ef84bff,What are uptiering and drop-down transactions in liability management?,technical,restructuring,ib,,,,hard,accepted,4581f50253a8520b7bca15309182c1eba5143affa8df5628c3e2900fdcd0ef12
cq_6c551b5f88444c01,Compare a 363 sale with a plan of reorganization as exits from Chapter 11.,technical,restructuring,ib,,,,hard,accepted,224fd0066cb8b4100c9293f5a2c645ab652361ae6e9b9d510ac5117de45d4e80
cq_2d2a7ec1dcd9404b,"Why our bank, and why this group specifically?",technical,behavioral,ib,,,,medium,accepted,d4309654c33a7c9371b3eb66409f8e69dec08c1c2bf9c0333c2ccb8880e7bd38
cq_6f6476dd5fbb4ce5,Tell me about a time you had a conflict on a team. How did you handle it?,technical,behavioral,ib,,,,medium,accepted,d99156f8eb9b2b327395a91b7cfde191b6cc6bf8311c745a59abcb1c2334cc06
cq_19386f5eaa754795,You're coming from a non-finance background. Why should we bet on you over someone with a finance pedigree?,technical,behavioral,ib,,,,medium,accepted,dd52abe7390cf3f287612e4d0c41c8d7fd533856ddb1f365e9a07b28e3ad5a61
cq_e9e2b02c337e4f90,Tell me about a deal you've been following.,technical,behavioral,ib,,,,hard,accepted,80d5348996c6dda96f16bd8c3e12e03bc6a729ab27fc56387bf60026f027389a
cq_58fd2ae57caa46be,"What's your biggest weakness, and tell me about a time you received hard feedback.",technical,behavioral,ib,,,,hard,accepted,f26c4a5d99d8e5deb3bcea540103489ee58caefa8e4910a213d21188f5f14a66
cq_7ac9697477a943ca,"This job means 80-plus-hour weeks, canceled plans, and being on call. You've had a career already - are you sure?",technical,behavioral,ib,,,,hard,accepted,2c3ae5ae28f64610436e6a92715e5dcebdf6fe0c9b8087026de4ff17f092d09a
cq_6efd405388b04a5b,It's 11 p.m. before a 7 a.m. client presentation and you discover a material error in the model your VP already approved. What do you do?,technical,behavioral,ib,,,,hard,accepted,275eef2d804b41d0d70bf259a0cb9cc70220bec49d29e0a38815edcd68cc01cc
cq_2e232a58d0b4442f,Walk me through how a $50M increase in capital expenditures impacts the three financial statements immediately.,technical,accounting,both,,,,easy,accepted,4e7fba73ae24beccaaf939c99f66d1b6f2b6ded44e8f5186a503b92a62628dfb
cq_983ed854ac6d45a5,"If a company records $20M of PIK (Payment-in-Kind) interest expense, how does it flow through the financial statements?",technical,accounting,both,,,,easy,accepted,c54ddf7061e2fe40ee4c1925fdf2cdc6d8dcae666d6881900a0c237e8b335edd
cq_da1dfabaee9543ed,How do you calculate normalized run-rate EBITDA when a target has experienced a one-time structural lawsuit settlement of $15M?,technical,accounting,both,,,,medium,accepted,50c58c690fff3bdcc829209a6299499f24db4bb00bb072f4cf5d452e08902d1a
cq_9e0bf1f31c534a9d,Explain the accounting treatment and financial statement flow of a structural $10M inventory write-down.,technical,working_capital,both,,,,medium,accepted,089a97ba40bdcb5c184d9b8721bf4dd5ba02f32437c38e813e524e7f31ab309c
cq_6104bd5bb2294cb1,How does an increase in Deferred Revenue of $30M impact your free cash flow calculation?,technical,,both,,,,medium,accepted,aa9ea7472384aeb63c90f4bc06e7356900f87a50d5a8f8eda15806c8c4d8a568
cq_b2a52ee6a34342d2,"If a company capitalizes structural software development costs instead of expensing them, how does this distort financial analysis?",technical,accounting,both,,,,hard,accepted,2c1f90f90afefc2e1d3f86414b3b76cdb5fe8b92364545b80d62b77212658be5
cq_1fde6871fd744ec2,How do operating lease obligations handled under ASC 842 alter your leverage calculation comparisons?,technical,accounting,both,,,,hard,accepted,991819a865f1fcbe5eb7febcc7ffb57be242af3c4d6779d42a298b55b5da2179
cq_9ab5e8c8c4324869,A target company shows flat revenue but systematically increasing accounts receivable over 6 quarters. Diagnose the underlying risk.,technical,,both,,,,hard,accepted,e03df7b871d6bc99c2f17c1674bbca0293eae936f9d69afc5eb4fd785a622c86
cq_e203b6c36b4a4593,Explain how a change in the valuation allowance for Deferred Tax Assets (DTAs) impacts the current year's financial metrics.,technical,,both,,,,hard,accepted,3c95d1c5c07209ebc1529ae988558f803330d12cd45812ab22aa03be1a460058
cq_c8c5853db63149c6,"Why is Enterprise Value unaffected by an emergency issuance of $50M in common equity, assuming proceeds are kept as cash?",technical,enterprise_value,both,,,,easy,accepted,a18e15d93c8bd8f5d6b245e72a88753c0be7e0d7dfa54d1a89ffc443f2dc49b7
cq_9334a0bdc37348f3,"What are the three primary valuation methodologies used in private equity, and how do they typically stack up?",technical,valuation,both,,not_pe,,easy,accepted,3211a0147d7e105adc4ca0a60180ee9eded0189c11b6671f948d0af397fc57d1
cq_29a6a19967234461,"When selecting public trading comparables, what three operational parameters matter most to ensure alignment?",technical,valuation,both,,,,medium,accepted,75a95b43a372719cfd4144ad845c4a2448b3d9fde29d7ae7920447c0dce588d2
cq_802b37c575eb4631,Why would a company with a high Unlevered Free Cash Flow conversion rate trade at a lower EV/EBITDA multiple than its peers?,technical,valuation,both,,,,medium,accepted,06f9e97d172251707c7560cd347d68fff5430f4102580dc49dcacf7bd1464f89
cq_1d8137bf26a74f84,Explain the structural flaws of using a basic Gordon Growth Model to determine the terminal value of a cyclical manufacturing asset.,technical,valuation,both,,,,medium,accepted,8be33b15e1111641f32655c38dd3ce57e70ef5921adb3ea35cd17216efd1114a
cq_1b778691996445cc,Explain how a structural shift in Net Working Capital from a negative to a positive cash cycle impacts a DCF valuation.,technical,valuation,both,,,,hard,accepted,0ebc45d06b4662763a2d149f7401f86decb2accccfee011e71a05fdad1efae3d
cq_065302ded3394e98,How do you value an enterprise with a high customer concentration where the top account represents 45% of historical revenue?,technical,valuation,both,,,,hard,accepted,c59bc9929114e1412b9952d8fe212f6c6c15e5d2674211f4de7f9ba7618e11ad
cq_d42e771c048940a7,What are the three primary drivers of equity returns in a standard 5-year leveraged buyout investment?,technical,lbo,pe,,,,easy,accepted,0eb9613c8770c9ab75c25c8a665c96703bef39e70a34293e55dfb1978ac470cf
cq_a1a3050dcdcd4998,"If a sponsor invests $100M of equity and returns $300M at exit in year 5, what is the implied MOIC and approximate IRR?",technical,lbo,pe,,,,easy,accepted,660edec8eb404de1deff095bc4258400783635152b9c0c25c43cdad2c24e270b
cq_456d5ed63c554e42,Why do private equity firms prefer businesses with low capital expenditure requirements for LBO structures?,technical,lbo,pe,,core_pe_investing,,easy,accepted,30353ff489c9d715d9abcbcc443ac4ccd507a3636805fcd907fe9895216d5681
cq_1ac14e4506694dc2,How does an increase in the entry purchase multiple from 8.0x to 10.0x alter the minimum EBITDA growth required to hit a 20% IRR hurdle?,technical,lbo,pe,,,,medium,accepted,ad55e8e190dbb240aad25d28130b3b982e9ab98f3fc357c7b1b4ec3a0e691483
cq_cb6cfd3c79e54cdf,Explain the structural difference between Senior Secured Term Loans and Senior Unsecured Notes in an LBO capital structure.,technical,lbo,pe,,core_pe_investing,,medium,accepted,c2b85779e3a4b1aecccdbf0ba1f6e175cc7603b3e9a4d289ff9da80fa5d0cf7b
cq_b7acb1b0a4a649ea,"If a portfolio company faces a severe economic downturn in year 3, how do incurrence covenants insulate the sponsor compared to maintenance covenants?",technical,,pe,,,,medium,accepted,095ef953f423d3d955eda2744267bbd71a6b1aa026c84bd44f25ac53d0b98994
cq_415a984b063944a6,Why does a dividend recapitalization typically increase a sponsor's IRR metric even if it does not alter the ultimate MOIC outcome?,technical,lbo,pe,,,,medium,accepted,e63f18a4e088a72db89cf23a2863b9454595ddad9d7a32272814587298ecd926
cq_817ae10de3fe49c1,"An asset is acquired for $500M using $300M of debt. In year 5, it is sold at the entry multiple for $500M, but debt has been reduced to $100M. Calculate returns.",technical,lbo,pe,,,,hard,accepted,521701e6460677add5de4fb2c259d820e7d35652c2de6121b200d0540fb15d08
cq_24281bd5942d41bb,Why would a sponsor choose to structure a portion of their equity contribution as non-voting preferred equity rather than common equity?,technical,capital_structure,both,,,,hard,accepted,1ff0149f9ef24d1d59bd329e9b847c9a607c9bccbbdea2303dc33d0d26733e6f
cq_6e29aaf01dba4326,Analyze how a 10% step-up in capital intensity (CapEx as a % of sales) alters the debt paydown velocity of an asset.,technical,lbo,pe,,,,hard,accepted,079dbd221ee79ec8185dee9a37b84ae12c3c02cc1c0570c04e4f7866eac77435
cq_04c45f0180754a77,An asset has $40M EBITDA. You model a 5.0x Leverage structure via a single Unitranche facility at a 10% cash interest rate. Year 1 EBITDA drops 15%. Calculate covenant breach visibility.,technical,,both,,,,hard,accepted,ccaded2a4963507596033d5bfc811d97482006ef066166d9ec78beac09545d1d
cq_edc80d3a20ae40fd,"What makes a business non-cyclical, and why is this trait highly valued by private equity sponsors?",technical,,both,,not_pe,,easy,accepted,d3d11bab62a67295d2fba486387009a2bff859e2b09adf2f55d4796ed8e6fa21
cq_5f79b21ac3fc4cf8,Explain the concept of 'operating leverage' and its impact on a portfolio company's profitability.,technical,,pe,,,,easy,accepted,22986d27648211128bce05565767d9c42038b0a8f7f925201c077581fc9045e5
cq_3fe51847d36d4d7a,How do you distinguish between an industry's total addressable market (TAM) growth and a target's real organic growth potential?,technical,,both,,,,medium,accepted,98b74b51138b9784fa9f0107f015bac907d8bac62cc6595cd1628ab3a0df25a0
cq_37d4e341371f4bcd,"Why is high customer concentration considered a critical risk, and how does it alter your investment thesis?",technical,investment_thesis,pe,,,,medium,accepted,44da207b9ed03053eefb17b59cad30d610cb4dba70e560633f63503e36cc2573
cq_1ef766d81dde4066,Explain the concept of pricing power and how you validate its existence during a commercial review.,technical,,pe,,,,medium,accepted,1ef69b0945309882eb6a8b3dcfbc723bbc23051f691308bf7b225291f0012db3
cq_4641c2c87aba424d,How do you evaluate an investment thesis built on industry consolidation through a 'buy-and-build' strategy?,technical,investment_thesis,pe,,,,hard,accepted,d7a575de70738d37d9950a382368f009f4e3546a54f587489c8bffdf3a95c03d
cq_6aa5558537e4417c,What operational indicators tell you that a target company's market segment is vulnerable to technological disruption?,technical,,both,,,,hard,accepted,ba1aeb86d0abcd9dfc072ff406dcd09d0b789000eba0b24613e74a03589543cc
cq_3f6ab251b8b942f1,Deconstruct the investment thesis risks of a corporate carve-out that requires setting up standalone IT and HR infrastructure.,technical,investment_thesis,pe,,,,hard,accepted,e44912a6339e4d7ecdbf5e57533abd8657b4e3bf6a15a5fb3711f9c96795a147
cq_c7e6a2e30c27443d,Explain how you assess the terminal value risk of a business that relies on a single patent expiring in seven years.,technical,,both,,,,hard,accepted,34a2cb91b3696cef5a3cfacaf453dbba8319580b5a4eb9e2271eebd3df15fa01
cq_577c373e3e5b4350,What is the primary purpose of a Quality of Earnings (QofE) report in private equity due diligence?,technical,due_diligence,pe,,pe_advisory,,easy,accepted,3cbd135360d0f1609d68cc5abf72bc2e073ba48f5254737b0283bb3ef6908dd2
cq_4f19d2a74fdc4f5c,Name three critical diligence workstreams executed before signing a definitive transaction agreement.,technical,due_diligence,pe,,,,easy,accepted,c8512595dd440e1f630e84902754745c93bdeddf6f3e2c345c52ced7abb2e482
cq_281095f3ed8a4381,How do you evaluate customer retention during due diligence if management only provides aggregate annual revenue metrics?,technical,due_diligence,pe,,,,medium,accepted,20b1f0d532195c8f09229e2b49cb637e4bcd66d155fc7d518a51ab13fc496e30
cq_99932e8e910d42d0,What critical legal diligence findings would force you to restructure a transaction from a stock purchase to an asset purchase?,technical,,both,,,,medium,accepted,e61b85745a5d4f5e2109fcafd4b1f0f13eb8dffd545a49451ca740c9529c5afc
cq_03d3bada5419421e,"How do you validate a target company's compliance with environmental, social, and governance (ESG) regulations during operational diligence?",technical,due_diligence,pe,,,,hard,accepted,76f9938277701f113bb9e8669760276e5c5f53397e998823dc4bf35a6198d32d
cq_908ada2c0c91440e,"During diligence on a software asset, what indicators reveal technical debt that will require major post-acquisition investment?",technical,,pe,,,,hard,accepted,b3718a65d8863763b53fb6f9aaf54de448378df62925e79c42e5a0272be170fa
cq_6ee4e8fdb74348ef,Explain how you investigate off-balance sheet liabilities during due diligence for an industrial services provider.,technical,,pe,,,,hard,accepted,2f14e8680c8dae33bd782bb81fe2cde28df155ecab96cf01d9de76ed42c53cd5
cq_a9c37932791d4236,What due diligence steps are required to validate the synergy assumptions in an add-on acquisition thesis?,technical,,pe,,,,hard,accepted,20d8f4d0cb7177d3b1add8b63b20252634dab2c160a371045cfc287739fb2429
cq_fc31f28a34c645b5,"What is a fragmented market structure, and why do private equity sponsors consider it attractive?",technical,industry_coverage,both,,not_pe,,easy,accepted,cd1bfa291b536b3366028fdb01f9ee69024cd384e12c92194677a33927285e4e
cq_09656c02558047e5,Explain the difference between cyclical and secular trends within an industry analysis context.,technical,industry_coverage,both,,,,easy,accepted,d195df7a837a864d7f648f4e93c0a2562f31808140daec81d5ec315afae2ed8b
cq_0001dbd8989a4841,How do you evaluate the threat of substitutes for an enterprise software asset with low apparent churn?,technical,industry_coverage,both,,,,medium,accepted,21d6c47a9f1ed51c82e66851938419a98faf508661285f6e22c3aa5b8133442d
cq_c292ad5aac004afe,Why do regulatory changes represent both a significant risk and a barrier to entry within an industry segment?,technical,industry_coverage,both,,,,medium,accepted,21dd1d2001eb4af423072fedd3dae621923fb40931b0e0bd998e92d0ac21e70f
cq_59bca42d4d8643bc,How do you evaluate industry health when the top two players control over 75% of total market share?,technical,industry_coverage,both,,,,hard,accepted,898a2c0b83de30927df6b03a32becd1f7c05d6be6bf7832033fa63897d804a4c
cq_06b46e91c8af4218,What analytical parameters define an industry segment as being 'late-stage mature' and vulnerable to volume declines?,technical,industry_coverage,both,,,,hard,accepted,aa0924b2da829fe7e2d40aa6f8a3734b69fa1fc7dfb944157bf45f37e8202d54
cq_268b62c80f9c441d,"What is a Value Creation Plan (VCP) in private equity operations, and when is it finalized?",technical,value_creation,pe,,portfolio_operations,,easy,accepted,4b2d94283b098a09311511e19214f48f139d14d657e8f4f1858d0db4216be52e
cq_97dcabea7a564087,Name three primary operational levers used to expand EBITDA margins post-acquisition.,technical,,both,,,,easy,accepted,cd629c68826b91ca3e88ae662d07062c4809278d28440a834ca681f5d267918e
cq_d323c21387ba4e92,How do you evaluate cross-selling opportunities across two newly merged portfolio company sales forces?,technical,value_creation,pe,,,,medium,accepted,4b71681dc3c01844e8521132b2d7e40925ffe4c2ab2b0818ad69a9dcdf002fac
cq_c4543ab79a984277,Why is SKU rationalization critical for a distribution business suffering from margin compression?,technical,,both,,,,medium,accepted,de221e0dfbcd59232dbe26779f03d047ab407e024f4c3f8d2f6fb8cfcf9a88e1
cq_6f6e9239387c4dd2,How do you build a data-driven framework to reduce customer churn at a recently acquired software business?,technical,,pe,,,,hard,accepted,3ded0bb8caa6aaced5216b70a0d68a5f7d264c9ee437e414e6adba9e8f3ca6c2
cq_4daa7706f0944283,Explain the operational steps required to transition a manufacturing company from a localized purchasing model to a centralized procurement framework.,technical,value_creation,pe,,,,hard,accepted,7c7ca41f9c2e3152f7e8d5cdd1a4719f9ab11e1dc994400071672963318160f3
cq_5efd1b85e5844642,Deconstruct the operational challenges of executing a global digital transformation across an insurance asset with fragmented legacy software systems.,technical,,pe,,,,hard,accepted,e0c2472d8e90ff23c23f97a8a10b86585a7b7023c9f202624c5071629553306d
cq_298a889c9e4e47f6,What operational levers must be managed to successfully double the capacity of a specialized biopharmaceutical manufacturing facility within 18 months?,technical,value_creation,pe,,,,hard,accepted,3be7caeaae714c3686e361f235722c305825f4c826f558437d2690581eb97868
cq_bd52df5c579d4040,You have 30 initiatives in the Value Creation Plan but management can only execute six at once. How do you prioritize?,technical,value_creation,pe,,,,medium,accepted,d6d95041d4e17febc2a74e26a351279a471ef023fc57fe18a6cdf15aa69eff72
cq_722c14e4fa504656,Walk me through capturing pricing realization and eliminating discount leakage at a B2B distributor with thousands of transactions.,technical,value_creation,pe,,,,hard,accepted,febc81823d08f3c06e23b21a83e30265a1cd44cca64e27e63713b252c3a8938e
cq_7af3be5110ec46d7,How do you build a net revenue retention expansion engine at a subscription software portfolio company?,technical,value_creation,pe,,,,hard,accepted,72d9f4ca53fd906dae6338ea6ca22be4b73a4a2b40f42047ef7bb8d98285b542
cq_68dd27bb315149a5,Explain the core concept of Lean manufacturing and its primary focus area.,technical,value_creation,pe,,,,easy,accepted,a1a1e795ce1fecd81f251a7ad9d662c92a68e33fddea0512cbc2baf4109a6461
cq_b0f946c778374adb,"What is Overall Equipment Effectiveness (OEE), and how is it measured?",technical,value_creation,pe,,,,easy,accepted,73daa688472d33a0f1253dd134b8ab0f0b294ba89f624322ac193bec8f139f24
cq_4ec6e43e30794fa3,How do you implement a 5S system on a chaotic warehouse floor to drive productivity?,technical,value_creation,pe,,,,medium,accepted,23b1773a65042c901f0c58aa21a1e175b1878a7ee6c77d4f1577f35b236dc20b
cq_5904ce82111b41bc,Explain the term 'takt time' and how it guides production scheduling alignments.,technical,value_creation,pe,,,,medium,accepted,a547fb481920304a2eff4d12e91bb185aa7e79b749a81ffbc068822054eca6dc
cq_407edb5275c34e71,How do you identify and resolve a capacity bottleneck in a multi-stage food processing operation?,technical,value_creation,pe,,,,hard,accepted,c83728431b32ad6386c44629a989746998a13ed1d71c6e9809b16d238c4ded52
cq_fef2bec2db7f4e89,Design an operational scorecard to manage a third-party logistics (3PL) provider for an omni-channel retail brand.,technical,value_creation,pe,,,,hard,accepted,ec10b5f5724f1236b42b6056734530c08f98d90f7767c5ab503c83cd7af4f4e0
cq_542ebe69ac42419a,"What is a Kaizen event, and how do you run one to capture rapid shop-floor improvements?",technical,value_creation,pe,,,,medium,accepted,f46dc04a9d5fa73e03df60603fa694e2be1d85b4ed13226fcc94ca2f93e378d4
cq_813beb758c0b4a9d,"Explain SMED and how reducing changeover time unlocks capacity in a high-mix, low-volume plant.",technical,value_creation,pe,,,,hard,accepted,2c01fb915b6ca334401c4932150459e42d384a1a512ddc178353cbebd5566641
cq_0d63a50f2a924d87,How do you set safety stock and reorder points to cut stockouts without bloating inventory?,technical,,both,,,,medium,accepted,2df879b6a668feb2c6e4d172d433fe36697d1a257818d92b57f6bd31eb479646
cq_36dc3ebdc5b84439,"What is a 13-week cash flow forecast, and why is it preferred over monthly budgets?",technical,value_creation,pe,,,,easy,accepted,169ee92aa22a69b3a05a0c5e49cb56e0f4635ced0c4d18fe4f17537de35f9e7e
cq_3119bcd91adb40da,How do you calculate the cash conversion cycle (CCC) of a portfolio company?,technical,working_capital,both,,,,medium,accepted,61aad6881e9a7317d3eb8d8624e9ac40a6390127d180a85e6a93fa71cb6bcba0
cq_01e7c5d426fa4c37,Explain the concept of zero-based budgeting (ZBB) and its operational implementation.,technical,value_creation,pe,,,,medium,accepted,6244107b038b0cbd6cc2e28b47e068854098241cec6061674ab249399fcb6e7e
cq_a96c6fec45804166,How do you optimize accounts payable terms with core suppliers without damaging partner relationships?,technical,,both,,,,hard,accepted,40fd6a965c5dd135e54d0d7e84f5c300a4b3278f586d3d04ef093ad56eda960b
cq_630a9ff5d05c4ee6,Design a capital allocation policy for a portfolio company that generates $40M in annual free cash flow with an active add-on pipeline.,technical,,pe,,,,hard,accepted,552642543390fb2a2f281730849d93d3fe60a673e75e906f59050effe4f8100c
cq_8042787314c04cad,How do you build a driver-based operating budget that the management team will actually own and hit?,technical,value_creation,pe,,,,medium,accepted,362e36720e0ded22b251f6c8d17949a003b48f0bf9d6c53829975fd1bbff3c3c
cq_a37fd9e885ac4fa9,A portfolio company is trending toward a covenant breach two quarters out. How do you manage the lender relationship and restructure the package?,technical,,pe,,,,hard,accepted,a912b4b2886807f9c7d6447e80175570b4c628e8dd3d2013ac6fa274e919c3ba
cq_1e88792d7d2249a1,How do you reduce Days Sales Outstanding through a structured order-to-cash program?,technical,working_capital,both,,,,medium,accepted,50bba15a77552dd017242d52447b0ef26dfe12a934b70008af2337582034cf3a
cq_1f4ba25d2ff44ef1,How do you align executive management incentives with the private equity fund's investment horizons?,technical,,pe,,not_pe,,easy,accepted,194800020759823f6295975fa95577070d2be869cf3f5f0158c673b5d4f49e52
cq_d01264e7541d4437,"What is a 100-day execution rhythm, and why is it critical post-acquisition?",technical,,both,,,,easy,accepted,a00b2f6e79ef7f86644dabb2ede1bf43e4c667ace65855075bdc697adaa952cd
cq_2a968e7b358b48eb,How do you handle a legacy founder-CEO who resists the introduction of automated tracking metrics?,technical,behavioral,pe,,,,medium,accepted,2a4d668ae59fce688be07d9486e141852754d1edcf52388dc9eefb2631197dc3
cq_5aed9f161b054947,Explain how you design a performance-driven culture in a family-owned business with zero historical accountability metrics.,technical,behavioral,pe,,,,medium,accepted,c0b17ddac58bc5fc4518f3d067bf1ba706834643ed243d569b11387330bea8aa
cq_8b527a1fd2b74f7d,What strategies do you deploy to retain critical middle-management talent during an intense corporate restructuring?,technical,,both,,,,hard,accepted,0dc631b6f27b290833e45b248d6ed18df33e27d8469f9e5c9dd4b2b6b62dd2b8
cq_bb486a826c06495f,How do you assess whether to keep or replace an incumbent CEO within the first six months of ownership?,technical,behavioral,pe,,,,hard,accepted,e592600aeac12fed48cc425854c936c1b6203ed03a6875f0f44fee64f0173d3a
cq_4ba4bff4fd264e73,How do you communicate a major restructuring to the broader workforce to minimize disruption and attrition?,technical,,pe,,,,medium,accepted,c7a4661236207ca93bda6fc5dd731348f0765adac91778ad8d6264ee669e60a3
cq_19736a3c518f46e2,How do you build an institutional finance function in a founder-run company that never had one?,technical,,pe,,,,hard,accepted,3be2fe35baed90386f76d255eb7230610a8233672fa2e39ff5169c84d37c9cb4
cq_7429307dda3f41ce,Structure a 10-minute presentation update for the Board of Directors regarding a delayed ERP software rollout.,technical,,pe,,,,medium,accepted,4946f8527f18fa905d4a13820941de19a26158d68e990badc0345c28dc7a916e
cq_e0f5e3ae11084a6b,How do you manage a disagreement between the PE Deal Partner and the Portfolio CEO regarding capital reinvestment priorities?,technical,behavioral,pe,,,,hard,accepted,6e7d117d91db917a55b36a3c7da7ba3afc7ec30528eaf8c21889010ec5c763c4
cq_6ba2f83d6dec4c2f,Draft the executive opening statement for a board meeting where the portfolio company has missed its quarterly EBITDA target by 20%.,technical,,both,,,,hard,accepted,63a97278733324d5f855f423cae7e6c3e3b398159ccafba40babf4b64803b64f
cq_a82a6b2233894d32,How do you structure a recurring monthly operating review deck for the PE board?,technical,behavioral,pe,,,,medium,accepted,46fd57e3d819c837ab7c35fbe4722030477dd0c7e966cb9db1219058389248c7
cq_5e5c379e54ad4a0e,How do you present a Value Creation Plan progress update that ties back to the underwriting model?,technical,,pe,,,,medium,accepted,7730b271987b0442e8e880044dbd6f249e59a95233f9f8a836e151e636727c62
cq_11f4dfbb39994e80,How do you deliver bad news to the board about losing a key customer or a failed add-on acquisition?,technical,,pe,,,,hard,accepted,7c51ee9f8f004e2d762eadbd03486d1fae0c79700129aed201186269e2c86518
cq_3eba919feb094f52,How do you make the case to the deal partner and IC for a follow-on equity injection into a struggling portfolio company?,technical,,pe,,,,hard,accepted,174a3bcb2c65c37a6efbdb119e7bc977fe0b6ecd962a6e7a08f4031265a77461
cq_5f8a93e011af4127,You discover a portfolio CFO is manually overriding working capital entries to artificially meet loan covenants. What do you do?,technical,,pe,,,,medium,accepted,7edea3057903ea8b8bfebca85443f92b2da72e916b55b66664ac86a085adf2c1
cq_9f879707bf504bb2,How do you operationalize an emergency succession plan when the portfolio CEO unexpectedly resigns due to health issues?,technical,behavioral,pe,,,,hard,accepted,859e465d2b00bb58b2dc732173e53ea05e2b3f9228f07bbaa972d16d0c60968c
cq_09193db08f0141a7,The PE firm wants to accelerate the exit timeline by 12 months. What operational adjustments do you make to maximize immediate value?,technical,,pe,,,,hard,accepted,dd85df24c3c199626e2a0f373cf1b17ec881ebf9317fa5bf2d5c349fc80d2d22
cq_80331419c8eb478e,A customer representing 25% of revenue threatens to leave three months before a planned exit. What do you do?,technical,,pe,,,,medium,accepted,8325b68718e5208a18461c5947f4028c7eeff0fc155834e08f5122b93323fe3f
cq_ddd2fe3df4134be6,The lead lender signals it will call a covenant default during a downturn. Walk me through your first 72 hours.,technical,,pe,,,,hard,accepted,d54157ff0f1767f3644bb16b2e4a4cf802a9820aa65483e7cb004116287eff1f
cq_7541a36b850f4edb,You inherit a high-performing but toxic sales leader whom the team fears. How do you handle it?,technical,behavioral,pe,,,,hard,accepted,c427eb11d420c355f6e64b335760315c6df3af2cd513080386fdd310a1d6c925
cq_0995810434c54804,"Two months before exit, the buyer's diligence surfaces a previously unknown accounting issue. How do you manage it?",technical,,pe,,,,hard,accepted,05fb439cb8ceff56e095085bdb58ce0c2bff51de663f16b6d0fde38a12c8229d
cq_e7277b6ca9d04bc1,Behavioral: Staying Informed on JPMorgan's Market Position,technical,behavioral,both,,,,medium,accepted,9b3280334b29e33697afc6130dabea5bae1c6cad0c925eccb03c1eff59dac14f
cq_f721ce19db65411b,Accounting: Three-Statement Impact of a $100M Asset Write-Down,technical,accounting,ib,,,,easy,accepted,537e8a32e7bda858067a49416a76b1accb0a32af8512c35a1dfc60c244aa27d0
cq_af6e3706687048bd,Technical: Net Debt and Restricted Cash nuances,technical,,other,,,,medium,accepted,477840ff213bef789691365bb4ea1b2f00ca86f0172ac1994e3a80f5fc436356
cq_943f2706d94a4677,Behavioral: Managing Conflicting Deadlines in Investment Banking,technical,behavioral,both,,,,medium,accepted,c21c1cd58d25d36aa2676b1d9271e48c493ddd6f17132c891420568ac5800b26
cq_5fb9818e22294108,M&A: Accretion/Dilution with a Stock-for-Stock Transaction,technical,merger_models,ib,,,,hard,accepted,2e76cb89aa411e6d64525ab3bd3de06ff9f6b05d40b6bf8d60673f4a874a4445
cq_c28a2863ec0e4152,Enterprise Value Adjustments for Minority Interests,technical,,other,,,,medium,accepted,3fafe52def9bfd8a72ad837f940d366ab94d51db3aa260f87188cbcc5976daa0
cq_44a2cdbcdf34411e,Behavioral: Upholding the 'Fortress Balance Sheet' in Advisory,technical,,other,,,,easy,accepted,7aaae542a56b16d8e413d8821c2bb54978ba2643bb6544868a6b418f533e9510
cq_ef1014400e684464,LBO Modeling: Private Credit vs. Syndicated Loan Performance,technical,lbo,pe,,adjacent_pe_investing,,hard,accepted,2209f5218e44fa8a68a2adac171b0d337557593291711f6d06a9461c05a01e73
cq_20ed7451055f40e6,Deferred Revenue and Cash Flow Dynamics in SaaS Modeling,technical,,other,,,,medium,accepted,d57e736f3cf5aeb834c7fbaef245e43356484698d7bcfa4ae297ed66544c5a1a
cq_a84bb87bc8cb4783,Impact of 2024-2025 Interest Rate Pivot on DCF Terminal Value,technical,,other,,,,hard,accepted,dde2437799b56578a00aa9bd3c52d052a897a47387f262973eb140eca859110d
cq_603b52a4e160485d,Goodwill Impairment Testing and Valuation Relevance,technical,,other,,,,medium,accepted,0ed918b62959fecc6df9fb42966fcec4bd15f3333b223d0423f078d39fab3a77
cq_bb2c1e5588734394,Accretion/Dilution Analysis: Stock vs. Cash Mix,technical,merger_models,ib,,,,hard,accepted,7986d33ef33e8bbf3ffaf16057931df6940cfc09fc43b30dfbf5a84b4e752c33
cq_834bb6b784844e9c,Dividend Recapitalization: Mechanics and Rationale,technical,,other,,,,medium,accepted,a02828c5daf09abb0190750b56bed14d8b92d8649b51f7b61387f899a516dcdb
cq_48ea0402aa214e49,Ethical Judgment: Handling Conflicting Data in a Live Transaction,technical,behavioral,both,,,,medium,accepted,cadd99103d067fce7c4820a3c4521345c3edabb43263a5143a5acef8af70f207
cq_e9566403233e4d55,Why Goldman Sachs and the 'One Goldman' Strategy,technical,,other,,,,medium,accepted,32d49db063a2a5d25f2a5cdac027567cf9ae64962ef588ac73786028e87a8b6c
cq_5883becb5a2a491e,Calculating Fully Diluted Shares Outstanding with Net Share Settlement,technical,,other,,,,easy,accepted,e9252179e4603a1a53a7f1dbfc002a09ff3beda4f5ff022a278c919d8f945269
cq_4395a27befa540ab,Deferred Tax Liability (DTL) in M&A Asset Step-Ups,technical,,other,,,,medium,accepted,5db02afa7e32939dec183d11f1757582587d11d61977656fd7cf2db790e0a1d8
cq_b8487baf80f14a51,PIK Toggle Notes and Their Effect on IRR and Exit Multiples,technical,,other,,,,hard,accepted,8fb81dcd163e923eb172c6ce4a8548d7a87c7c6fed8171b4e7ccd7843e1b10f5
cq_90b70b52a63c4cd2,Impact of 'Higher-for-Longer' Interest Rates on DCF and LBO Valuations,technical,,pe,,core_pe_investing,,hard,accepted,1aef9460030fab444d733dd134821f86582bedef9f62a8b4b74446bb12beea11
cq_ad918fe095954bfd,Three Statement Impact of a $100 Asset Write-Down with a 25% Tax Rate,technical,,other,,,,medium,accepted,e04fb46eb844898a24a46cd5fe433adc8ebe203cec938fec71766244ee81e4ec
cq_0b73518c445f4d8c,Can you describe your experience in investment banking?,technical,,ib,,,,,accepted,fbea14367f88a527b8568c06e71f9228bb036e7e8a04695d95cb77ecfee947a5
cq_d4f93d2e6adb44de,What made you interested in pursuing a career in investment banking?,technical,,ib,,,,,accepted,c159e24e038cc4cffeca662f30890016b82eb3352370b7dab7670afa3b212033
cq_468311f3102348af,How do you stay up-to-date with market trends and changes?,technical,,ib,,,,,accepted,1b241a3d4f8b73f6b3e9a0fa7f3dc07cd2c3f2a4a58075df709869dc95c14a9e
cq_68d9a98a32104da0,Can you explain the difference between buy-side and sell-side investment banking?,technical,,ib,,,,,accepted,38c3d4689ca01b2236cdeadbc38d3a08147271894d0c7df8dc41ccc42174d01c
cq_e46c457626384485,Have you worked on any recent mergers and acquisitions (M&A) deals?,technical,,ib,,,,,accepted,e214adfeea9fedd4240df068a7a3e909a1e65006be4cfd386bf44a58b14a46e3
cq_60618071b8ae4402,Can you explain the role and responsibilities of a Private Equity Analyst?,technical,,pe,,core_pe_investing,,,accepted,49c9de2d377ce514cc0378ee5459d1e399e9b7efdacd5d475723c7db6a0d88d6
cq_177207d690a742db,What do you understand by private equity and how does it differ from other forms of investment?,technical,,pe,,not_pe,,,accepted,348b88aa25bdf32e3061715b68edbbd1de7bf7415f9b153935a0c4805abd5b40
cq_4c01cba907994100,Have you worked with private equity firms before?,technical,,pe,,not_pe,,,accepted,bd22873dd574b7be37683beae38379b0f63f7ef2a13511c3538d88fe4e63a632
cq_ae335ae9897e42ae,"If yes, please provide details of your experience.",technical,,pe,,not_pe,,,accepted,9b8e4fd445c8095d9037dee02ca89a9584b77f401461f74de9548c13d91f5041
cq_e2645233200a4d52,How do you stay updated with industry trends and changes in the private equity landscape?,technical,,both,,not_pe,,,accepted,2b711a101301d38e960367ba330abb7c54f1e8b45eec5c85c4b36631e9306340
cq_58e7a23dc32a4dbc,What is your understanding of the due diligence process in private equity?,technical,,pe,,not_pe,,,accepted,3f403eb5060db4fbffb0c85b06820a202390b8e8d90873611e5794ba96ff085d
cq_b49802ba7c1d429d,What is your understanding of mergers and acquisitions (M&A)?,technical,,ib,,,,,accepted,a4819447278d93bc71d5b3d68ca814370a70c876e2d400b851e1bb37db6ae0bd
cq_d3ad420add5541ff,Can you explain the key steps involved in the M&A process?,technical,,ib,,,,,accepted,17230a1d34c526452c54562d5c3f0932c99bde403fe69e30a1ffa14b212845d5
cq_c50368bccc7f402d,How do you analyze potential acquisition targets?,technical,,ib,,,,,accepted,35d002cbb2b6c72e952c704fb7cb8a02356da798e785f5b80a1f1b581d988f85
cq_e37fc5d7d8774d4c,What factors do you consider when valuing a company for potential acquisition?,technical,,ib,,,,,accepted,781781512e0c98f901304ed0e1e0704703bb169a45a13bf11b90c549b08fc0f5
cq_b8ebe47531a940d9,Describe the due diligence process you follow for M&A transactions.,technical,,ib,,,,,accepted,ed8d18c8e5189567c9b513e1fe68a29d793451dcee13de1b4271c67a2fddf593
